system,query_id,threshold,top1_grade,top5_grades,precision@1,hit@5,direct_hit@5,mrr,gndcg@5
final_no_rerank,Q-DOC01-FACT-001,grade>=1,1,1|1|1|1|1,1.0,1.0,0.0,1.0,0.595834
final_no_rerank,Q-DOC01-FACT-002,grade>=1,1,1|1|2|3|1,1.0,1.0,1.0,1.0,0.639796
final_no_rerank,Q-DOC01-FACT-003,grade>=1,1,1|2|1|2|2,1.0,1.0,0.0,1.0,0.724184
final_no_rerank,Q-DOC01-FACT-004,grade>=1,0,0|2|1|1|1,0.0,1.0,0.0,0.5,0.648751
final_no_rerank,Q-DOC01-FACT-005,grade>=1,1,1|2|1|1|1,1.0,1.0,0.0,1.0,0.677955
final_no_rerank,Q-DOC01-FACT-006,grade>=1,2,2|1|1|1|0,1.0,1.0,0.0,1.0,0.921824
final_no_rerank,Q-DOC01-FACT-007,grade>=1,3,3|2|2|3|1,1.0,1.0,1.0,1.0,0.89754
final_no_rerank,Q-DOC01-FACT-008,grade>=1,0,0|0|0|0|0,0.0,0.0,0.0,0.125,0.0
final_no_rerank,Q-DOC01-FACT-009,grade>=1,0,0|0|0|0|2,0.0,1.0,0.0,0.2,0.131205
final_no_rerank,Q-DOC01-FACT-010,grade>=1,1,1|2|1|2|2,1.0,1.0,0.0,1.0,0.66084
final_no_rerank,Q-DOC01-FACT-011,grade>=1,2,2|1|1|1|1,1.0,1.0,0.0,1.0,0.613065
final_no_rerank,Q-DOC01-FACT-012,grade>=1,1,1|1|1|2|0,1.0,1.0,0.0,1.0,0.386977
final_no_rerank,Q-DOC01-FACT-013,grade>=1,0,0|0|0|0|0,0.0,0.0,0.0,0.111111,0.0
final_no_rerank,Q-DOC01-FACT-014,grade>=1,3,3|2|1|1|1,1.0,1.0,1.0,1.0,0.910796
final_no_rerank,Q-DOC01-FACT-015,grade>=1,3,3|1|2|2|2,1.0,1.0,1.0,1.0,0.901765
final_no_rerank,Q-DOC01-FACT-016,grade>=1,1,1|1|1|1|0,1.0,1.0,0.0,1.0,0.868795
final_no_rerank,Q-DOC01-FACT-017,grade>=1,2,2|3|3|2|2,1.0,1.0,1.0,1.0,0.869869
final_no_rerank,Q-DOC01-FACT-018,grade>=1,3,3|2|3|2|2,1.0,1.0,1.0,1.0,0.965924
final_no_rerank,Q-DOC01-FACT-019,grade>=1,3,3|3|2|2|2,1.0,1.0,1.0,1.0,1.0
final_no_rerank,Q-DOC01-FACT-020,grade>=1,3,3|2|2|2|3,1.0,1.0,1.0,1.0,0.828643
final_no_rerank,Q-DOC01-FACT-021,grade>=1,1,1|1|1|1|1,1.0,1.0,0.0,1.0,1.0
final_no_rerank,Q-DOC01-FACT-022,grade>=1,1,1|0|0|0|1,1.0,1.0,0.0,1.0,0.28026
final_no_rerank,Q-DOC01-FACT-023,grade>=1,2,2|1|2|2|2,1.0,1.0,0.0,1.0,0.857342
final_no_rerank,Q-DOC01-FACT-024,grade>=1,1,1|1|1|1|0,1.0,1.0,0.0,1.0,0.868795
final_no_rerank,Q-DOC01-FACT-025,grade>=1,1,1|1|2|0|1,1.0,1.0,0.0,1.0,0.566442
final_no_rerank,Q-DOC02-FACT-001,grade>=1,1,1|2|1|1|2,1.0,1.0,0.0,1.0,0.563461
final_no_rerank,Q-DOC02-FACT-002,grade>=1,1,1|2|2|1|1,1.0,1.0,0.0,1.0,0.645507
final_no_rerank,Q-DOC02-FACT-003,grade>=1,3,3|3|3|3|3,1.0,1.0,1.0,1.0,1.0
final_no_rerank,Q-DOC02-FACT-004,grade>=1,1,1|1|2|1|1,1.0,1.0,0.0,1.0,0.63579
final_no_rerank,Q-DOC02-FACT-005,grade>=1,1,1|1|1|1|2,1.0,1.0,0.0,1.0,0.752187
final_no_rerank,Q-DOC02-FACT-006,grade>=1,1,1|1|1|1|0,1.0,1.0,0.0,1.0,0.868795
final_no_rerank,Q-DOC02-FACT-007,grade>=1,2,2|2|1|1|1,1.0,1.0,0.0,1.0,0.86131
final_no_rerank,Q-DOC02-FACT-008,grade>=1,3,3|2|2|2|1,1.0,1.0,1.0,1.0,0.939768
final_no_rerank,Q-DOC02-FACT-009,grade>=1,2,2|2|2|2|2,1.0,1.0,0.0,1.0,1.0
final_no_rerank,Q-DOC02-FACT-010,grade>=1,0,0|0|0|0|0,0.0,0.0,0.0,0.090909,0.0
final_no_rerank,Q-DOC02-FACT-011,grade>=1,1,1|1|1|1|0,1.0,1.0,0.0,1.0,0.868795
final_no_rerank,Q-DOC02-FACT-012,grade>=1,2,2|2|2|2|2,1.0,1.0,0.0,1.0,1.0
final_no_rerank,Q-DOC02-FACT-013,grade>=1,1,1|1|1|1|1,1.0,1.0,0.0,1.0,1.0
final_no_rerank,Q-DOC02-FACT-014,grade>=1,2,2|0|0|0|0,1.0,1.0,0.0,1.0,0.33916
final_no_rerank,Q-DOC02-FACT-015,grade>=1,1,1|2|2|2|2,1.0,1.0,0.0,1.0,0.773893
final_no_rerank,Q-DOC02-FACT-016,grade>=1,1,1|1|1|1|1,1.0,1.0,0.0,1.0,1.0
final_no_rerank,Q-DOC02-FACT-017,grade>=1,3,3|3|3|3|3,1.0,1.0,1.0,1.0,1.0
final_no_rerank,Q-DOC02-FACT-018,grade>=1,2,2|2|2|2|2,1.0,1.0,0.0,1.0,0.688604
final_no_rerank,Q-DOC02-FACT-019,grade>=1,3,3|2|2|1|1,1.0,1.0,1.0,1.0,0.872712
final_no_rerank,Q-DOC02-FACT-020,grade>=1,0,0|0|0|0|0,0.0,0.0,0.0,0.090909,0.0
final_no_rerank,Q-DOC02-FACT-021,grade>=1,1,1|1|1|0|1,1.0,1.0,0.0,1.0,0.853932
final_no_rerank,Q-DOC02-FACT-022,grade>=1,1,1|1|1|1|1,1.0,1.0,0.0,1.0,1.0
final_no_rerank,Q-DOC02-FACT-023,grade>=1,2,2|2|2|3|1,1.0,1.0,1.0,1.0,0.762483
final_no_rerank,Q-DOC02-FACT-024,grade>=1,3,3|1|3|1|1,1.0,1.0,1.0,1.0,0.777434
final_no_rerank,Q-DOC02-FACT-025,grade>=1,1,1|1|2|1|0,1.0,1.0,0.0,1.0,0.71974
final_no_rerank,Q-DOC03-FACT-001,grade>=1,3,3|2|1|1|1,1.0,1.0,1.0,1.0,1.0
final_no_rerank,Q-DOC03-FACT-002,grade>=1,2,2|2|2|1|1,1.0,1.0,0.0,1.0,1.0
final_no_rerank,Q-DOC03-FACT-003,grade>=1,1,1|1|1|1|1,1.0,1.0,0.0,1.0,1.0
final_no_rerank,Q-DOC03-FACT-004,grade>=1,1,1|1|1|1|1,1.0,1.0,0.0,1.0,1.0
final_no_rerank,Q-DOC03-FACT-005,grade>=1,2,2|2|2|2|2,1.0,1.0,0.0,1.0,1.0
final_no_rerank,Q-DOC03-FACT-006,grade>=1,2,2|2|1|0|0,1.0,1.0,0.0,1.0,1.0
final_no_rerank,Q-DOC03-FACT-007,grade>=1,2,2|2|1|1|1,1.0,1.0,0.0,1.0,1.0
final_no_rerank,Q-DOC03-FACT-008,grade>=1,1,1|0|1|1|1,1.0,1.0,0.0,1.0,0.786014
final_no_rerank,Q-DOC03-FACT-009,grade>=1,2,2|2|2|2|1,1.0,1.0,0.0,1.0,1.0
final_no_rerank,Q-DOC03-FACT-010,grade>=1,1,1|1|1|1|1,1.0,1.0,0.0,1.0,1.0
final_no_rerank,Q-DOC04-FACT-001,grade>=1,1,1|1|2|0|1,1.0,1.0,0.0,1.0,0.710884
final_no_rerank,Q-DOC04-FACT-002,grade>=1,0,0|0|0|0|0,0.0,0.0,0.0,0.090909,0.0
final_no_rerank,Q-DOC04-FACT-003,grade>=1,2,2|1|1|1|1,1.0,1.0,0.0,1.0,1.0
final_no_rerank,Q-DOC04-FACT-004,grade>=1,2,2|1|0|0|0,1.0,1.0,0.0,1.0,0.73375
final_no_rerank,Q-DOC04-FACT-005,grade>=1,2,2|2|2|0|1,1.0,1.0,0.0,1.0,0.83993
final_no_rerank,Q-DOC04-FACT-006,grade>=1,1,1|1|0|0|1,1.0,1.0,0.0,1.0,0.684352
final_no_rerank,Q-DOC04-FACT-007,grade>=1,1,1|1|1|1|1,1.0,1.0,0.0,1.0,1.0
final_no_rerank,Q-DOC04-FACT-008,grade>=1,1,1|1|2|1|0,1.0,1.0,0.0,1.0,0.441248
final_no_rerank,Q-DOC04-FACT-009,grade>=1,3,3|2|2|1|1,1.0,1.0,1.0,1.0,1.0
final_no_rerank,Q-DOC04-FACT-010,grade>=1,0,0|2|0|0|2,0.0,1.0,0.0,0.5,0.397322
final_no_rerank,Q-DOC05-FACT-001,grade>=1,1,1|1|0|0|1,1.0,1.0,0.0,1.0,0.40776
final_no_rerank,Q-DOC05-FACT-002,grade>=1,1,1|1|1|2|1,1.0,1.0,0.0,1.0,0.769899
final_no_rerank,Q-DOC05-FACT-003,grade>=1,1,1|0|1|1|0,1.0,1.0,0.0,1.0,0.654809
final_no_rerank,Q-DOC05-FACT-004,grade>=1,1,1|1|1|1|1,1.0,1.0,0.0,1.0,0.214683
final_no_rerank,Q-DOC05-FACT-005,grade>=1,1,1|3|1|1|1,1.0,1.0,1.0,1.0,0.752536
final_no_rerank,Q-DOC05-FACT-006,grade>=1,1,1|1|1|1|2,1.0,1.0,0.0,1.0,0.255023
final_no_rerank,Q-DOC05-FACT-007,grade>=1,1,1|2|2|1|1,1.0,1.0,0.0,1.0,0.72262
final_no_rerank,Q-DOC05-FACT-008,grade>=1,1,1|1|1|1|1,1.0,1.0,0.0,1.0,0.474768
final_no_rerank,Q-DOC06-FACT-001,grade>=1,1,1|1|1|1|0,1.0,1.0,0.0,1.0,0.868795
final_no_rerank,Q-DOC06-FACT-002,grade>=1,1,1|1|1|1|2,1.0,1.0,0.0,1.0,0.516227
final_no_rerank,Q-DOC06-FACT-003,grade>=1,0,0|0|1|0|0,0.0,1.0,0.0,0.333333,0.16958
final_no_rerank,Q-DOC06-FACT-004,grade>=1,0,0|0|1|1|0,0.0,1.0,0.0,0.333333,0.315648
final_no_rerank,Q-DOC06-FACT-005,grade>=1,1,1|1|1|1|0,1.0,1.0,0.0,1.0,0.517657
final_no_rerank,Q-DOC06-FACT-006,grade>=1,1,1|0|0|1|0,1.0,1.0,0.0,1.0,0.671386
final_no_rerank,Q-DOC06-FACT-007,grade>=1,0,0|0|0|0|0,0.0,0.0,0.0,0.125,0.0
final_no_rerank,Q-DOC06-FACT-008,grade>=1,1,1|1|1|1|0,1.0,1.0,0.0,1.0,0.412476
final_no_rerank,Q-DOC07-FACT-001,grade>=1,3,3|1|1|1|1,1.0,1.0,1.0,1.0,1.0
final_no_rerank,Q-DOC07-FACT-002,grade>=1,3,3|1|1|1|1,1.0,1.0,1.0,1.0,1.0
final_no_rerank,Q-DOC07-FACT-003,grade>=1,2,2|1|0|0|1,1.0,1.0,0.0,1.0,0.646953
final_no_rerank,Q-DOC07-FACT-004,grade>=1,2,2|2|1|1|1,1.0,1.0,0.0,1.0,1.0
final_no_rerank,Q-DOC07-FACT-005,grade>=1,2,2|0|2|0|0,1.0,1.0,0.0,1.0,0.724601
final_no_rerank,Q-DOC07-FACT-006,grade>=1,2,2|0|0|0|0,1.0,1.0,0.0,1.0,0.606249
final_no_rerank,Q-DOC07-FACT-007,grade>=1,2,2|0|1|0|0,1.0,1.0,0.0,1.0,0.707291
final_no_rerank,Q-DOC07-FACT-008,grade>=1,2,2|1|1|1|0,1.0,1.0,0.0,1.0,0.921824
final_no_rerank,Q-DOC07-FACT-009,grade>=1,2,2|1|0|1|0,1.0,1.0,0.0,1.0,0.820782
final_no_rerank,Q-DOC07-FACT-010,grade>=1,2,2|1|1|1|1,1.0,1.0,0.0,1.0,1.0
final_no_rerank,Q-DOC07-FACT-011,grade>=1,1,1|1|2|2|1,1.0,1.0,0.0,1.0,0.667073
final_no_rerank,Q-DOC07-FACT-012,grade>=1,2,2|0|2|0|1,1.0,1.0,0.0,1.0,0.786892
final_no_rerank,Q-DOC08-FACT-001,grade>=1,1,1|1|1|2|1,1.0,1.0,0.0,1.0,0.769899
final_no_rerank,Q-DOC08-FACT-002,grade>=1,0,0|0|1|1|0,0.0,1.0,0.0,0.333333,0.315648
final_no_rerank,Q-DOC08-FACT-003,grade>=1,1,1|2|0|1|0,1.0,1.0,0.0,1.0,0.535152
final_no_rerank,Q-DOC08-FACT-004,grade>=1,1,1|0|2|0|0,1.0,1.0,0.0,1.0,0.402556
final_no_rerank,Q-DOC08-FACT-005,grade>=1,1,1|1|1|1|0,1.0,1.0,0.0,1.0,0.868795
final_no_rerank,Q-DOC08-FACT-006,grade>=1,1,1|0|1|0|0,1.0,1.0,0.0,1.0,0.50874
final_no_rerank,Q-DOC08-FACT-007,grade>=1,1,1|1|1|0|1,1.0,1.0,0.0,1.0,0.853932
final_no_rerank,Q-DOC08-FACT-008,grade>=1,1,1|2|1|1|1,1.0,1.0,0.0,1.0,0.677955
final_no_rerank,Q-DOC08-FACT-009,grade>=1,3,3|1|1|1|0,1.0,1.0,1.0,1.0,0.838525
final_no_rerank,Q-DOC08-FACT-010,grade>=1,2,2|0|1|1|0,1.0,1.0,0.0,1.0,0.794323
final_no_rerank,Q-DOC08-FACT-011,grade>=1,1,1|1|1|1|1,1.0,1.0,0.0,1.0,0.595834
final_no_rerank,Q-DOC08-FACT-012,grade>=1,0,0|0|0|0|0,0.0,0.0,0.0,0.125,0.0
final_no_rerank,Q-DOC09-FACT-001,grade>=1,3,3|2|2|2|1,1.0,1.0,1.0,1.0,0.785451
final_no_rerank,Q-DOC09-FACT-002,grade>=1,2,2|2|2|1|2,1.0,1.0,0.0,1.0,0.902621
final_no_rerank,Q-DOC09-FACT-003,grade>=1,1,1|1|1|1|1,1.0,1.0,0.0,1.0,1.0
final_no_rerank,Q-DOC09-FACT-004,grade>=1,1,1|2|1|0|1,1.0,1.0,0.0,1.0,0.763802
final_no_rerank,Q-DOC09-FACT-005,grade>=1,3,3|1|0|2|1,1.0,1.0,1.0,1.0,0.605749
final_no_rerank,Q-DOC09-FACT-006,grade>=1,1,1|1|1|1|1,1.0,1.0,0.0,1.0,1.0
final_no_rerank,Q-DOC09-FACT-007,grade>=1,1,1|3|1|0|0,1.0,1.0,1.0,1.0,0.464622
final_no_rerank,Q-DOC09-FACT-008,grade>=1,3,3|3|1|3|1,1.0,1.0,1.0,1.0,0.923033
final_no_rerank,Q-DOC09-FACT-009,grade>=1,1,1|2|1|1|1,1.0,1.0,0.0,1.0,0.850834
final_no_rerank,Q-DOC09-FACT-010,grade>=1,3,3|1|3|2|1,1.0,1.0,1.0,1.0,0.932705
final_no_rerank,Q-DOC09-FACT-011,grade>=1,1,1|1|1|0|1,1.0,1.0,0.0,1.0,0.853932
final_no_rerank,Q-DOC09-FACT-012,grade>=1,2,2|1|1|1|1,1.0,1.0,0.0,1.0,1.0
final_no_rerank,Q-DOC09-FACT-013,grade>=1,1,1|3|1|1|1,1.0,1.0,1.0,1.0,0.528822
final_no_rerank,Q-DOC09-FACT-014,grade>=1,2,2|1|3|1|0,1.0,1.0,1.0,1.0,0.455645
final_no_rerank,Q-DOC09-FACT-015,grade>=1,3,3|1|1|1|1,1.0,1.0,1.0,1.0,1.0
final_no_rerank,Q-DOC10-FACT-001,grade>=1,1,1|1|1|0|1,1.0,1.0,0.0,1.0,0.508801
final_no_rerank,Q-DOC10-FACT-002,grade>=1,1,1|1|1|1|0,1.0,1.0,0.0,1.0,0.868795
final_no_rerank,Q-DOC10-FACT-003,grade>=1,1,1|1|0|1|1,1.0,1.0,0.0,1.0,0.83042
final_no_rerank,Q-DOC10-FACT-004,grade>=1,0,0|0|1|0|1,0.0,1.0,0.0,0.333333,0.300785
final_no_rerank,Q-DOC10-FACT-005,grade>=1,0,0|1|0|1|1,0.0,1.0,0.0,0.5,0.292709
final_no_rerank,Q-DOC10-FACT-006,grade>=1,0,0|2|0|0|0,0.0,1.0,0.0,0.5,0.458199
final_no_rerank,Q-DOC10-FACT-007,grade>=1,1,1|1|1|1|1,1.0,1.0,0.0,1.0,1.0
final_no_rerank,Q-DOC10-FACT-008,grade>=1,3,3|0|0|0|0,1.0,1.0,1.0,1.0,0.782258
final_no_rerank,Q-DOC10-FACT-009,grade>=1,0,0|0|0|0|0,0.0,0.0,0.0,0.111111,0.0
final_no_rerank,Q-DOC10-FACT-010,grade>=1,1,1|0|0|0|1,1.0,1.0,0.0,1.0,0.5414
final_no_rerank,Q-DOC10-FACT-011,grade>=1,3,3|2|2|2|0,1.0,1.0,1.0,1.0,0.909652
final_no_rerank,Q-DOC10-FACT-012,grade>=1,2,2|0|0|0|0,1.0,1.0,0.0,1.0,0.657663
final_no_rerank,Q-DOC10-FACT-013,grade>=1,3,3|2|2|0|0,1.0,1.0,1.0,1.0,0.809068
final_no_rerank,Q-DOC10-FACT-014,grade>=1,0,0|0|0|2|0,0.0,1.0,0.0,0.25,0.31277
final_no_rerank,Q-DOC10-FACT-015,grade>=1,1,1|0|1|1|1,1.0,1.0,0.0,1.0,0.786014
final_no_rerank,Q-DOC03-FACT-011,grade>=1,2,2|1|1|1|0,1.0,1.0,0.0,1.0,0.921824
final_no_rerank,Q-DOC03-FACT-012,grade>=1,2,2|2|1|1|1,1.0,1.0,0.0,1.0,1.0
final_no_rerank,Q-DOC03-FACT-013,grade>=1,2,2|2|1|1|0,1.0,1.0,0.0,1.0,0.937708
final_no_rerank,Q-DOC03-FACT-014,grade>=1,1,1|2|1|1|1,1.0,1.0,0.0,1.0,0.850834
final_no_rerank,Q-DOC03-FACT-015,grade>=1,1,1|0|1|1|1,1.0,1.0,0.0,1.0,0.786014
final_no_rerank,Q-DOC04-FACT-011,grade>=1,0,0|1|1|1|1,0.0,1.0,0.0,0.5,0.66084
final_no_rerank,Q-DOC04-FACT-012,grade>=1,2,2|2|0|1|0,1.0,1.0,0.0,1.0,0.857197
final_no_rerank,Q-DOC04-FACT-013,grade>=1,1,1|1|2|1|1,1.0,1.0,0.0,1.0,0.547612
final_no_rerank,Q-DOC04-FACT-014,grade>=1,0,0|1|1|0|0,0.0,1.0,0.0,0.5,0.530721
final_no_rerank,Q-DOC04-FACT-015,grade>=1,1,1|2|0|1|1,1.0,1.0,0.0,1.0,0.749793
final_no_rerank,Q-DOC05-FACT-009,grade>=1,1,1|1|1|1|2,1.0,1.0,0.0,1.0,0.752187
final_no_rerank,Q-DOC05-FACT-010,grade>=1,0,0|1|1|0|0,0.0,1.0,0.0,0.5,0.383566
final_no_rerank,Q-DOC05-FACT-011,grade>=1,1,1|1|1|2|2,1.0,1.0,0.0,1.0,0.738049
final_no_rerank,Q-DOC05-FACT-012,grade>=1,1,1|2|1|1|1,1.0,1.0,0.0,1.0,0.850834
final_no_rerank,Q-DOC05-FACT-013,grade>=1,1,1|1|2|1|1,1.0,1.0,0.0,1.0,0.489175
final_no_rerank,Q-DOC06-FACT-009,grade>=1,1,1|1|0|0|1,1.0,1.0,0.0,1.0,0.787702
final_no_rerank,Q-DOC06-FACT-010,grade>=1,1,1|0|0|0|0,1.0,1.0,0.0,1.0,1.0
final_no_rerank,Q-DOC06-FACT-011,grade>=1,0,0|0|0|0|0,0.0,0.0,0.0,0.0,0.0
final_no_rerank,Q-DOC06-FACT-012,grade>=1,1,1|1|1|1|1,1.0,1.0,0.0,1.0,1.0
final_no_rerank,Q-DOC06-FACT-013,grade>=1,1,1|1|0|0|0,1.0,1.0,0.0,1.0,0.765361
final_no_rerank,Q-DOC07-FACT-013,grade>=1,1,1|0|0|0|0,1.0,1.0,0.0,1.0,1.0
final_no_rerank,Q-DOC07-FACT-014,grade>=1,0,0|0|0|0|0,0.0,0.0,0.0,0.0,0.0
final_no_rerank,Q-DOC07-FACT-015,grade>=1,1,1|1|0|0|0,1.0,1.0,0.0,1.0,0.553146
final_no_rerank,Q-DOC07-FACT-016,grade>=1,1,1|1|0|0|0,1.0,1.0,0.0,1.0,0.636682
final_no_rerank,Q-DOC07-FACT-017,grade>=1,1,1|1|0|0|0,1.0,1.0,0.0,1.0,0.553146
final_no_rerank,Q-DOC08-FACT-013,grade>=1,2,2|0|1|1|0,1.0,1.0,0.0,1.0,0.951523
final_no_rerank,Q-DOC08-FACT-014,grade>=1,2,2|0|0|1|0,1.0,1.0,0.0,1.0,0.752076
final_no_rerank,Q-DOC08-FACT-015,grade>=1,0,0|0|0|0|0,0.0,0.0,0.0,0.0,0.0
final_no_rerank,Q-DOC08-FACT-016,grade>=1,0,0|0|1|0|0,0.0,1.0,0.0,0.333333,0.19519
final_no_rerank,Q-DOC08-FACT-017,grade>=1,0,0|0|0|0|0,0.0,0.0,0.0,0.0,0.0
final_no_rerank,Q-DOC09-FACT-016,grade>=1,1,1|1|1|1|0,1.0,1.0,0.0,1.0,0.868795
final_no_rerank,Q-DOC09-FACT-017,grade>=1,1,1|1|1|1|1,1.0,1.0,0.0,1.0,1.0
final_no_rerank,Q-DOC09-FACT-018,grade>=1,1,1|1|1|1|1,1.0,1.0,0.0,1.0,1.0
final_no_rerank,Q-DOC09-FACT-019,grade>=1,0,0|0|1|1|0,0.0,1.0,0.0,0.333333,0.315648
final_no_rerank,Q-DOC09-FACT-020,grade>=1,1,1|1|0|1|1,1.0,1.0,0.0,1.0,0.83042
final_no_rerank,Q-DOC10-FACT-016,grade>=1,0,0|0|1|0|2,0.0,1.0,0.0,0.333333,0.335571
final_no_rerank,Q-DOC10-FACT-017,grade>=1,2,2|1|1|0|0,1.0,1.0,0.0,1.0,0.834791
final_no_rerank,Q-DOC10-FACT-018,grade>=1,1,1|0|0|0|0,1.0,1.0,0.0,1.0,0.613147
final_no_rerank,Q-DOC10-FACT-019,grade>=1,0,0|0|0|0|0,0.0,0.0,0.0,0.083333,0.0
final_no_rerank,Q-DOC10-FACT-020,grade>=1,3,3|0|2|2|2,1.0,1.0,1.0,1.0,0.852648
graph_final,Q-DOC01-FACT-001,grade>=1,1,1|1|1|1|1,1.0,1.0,0.0,1.0,1.0
graph_final,Q-DOC01-FACT-002,grade>=1,1,1|1|1|1|1,1.0,1.0,0.0,1.0,0.329494
graph_final,Q-DOC01-FACT-003,grade>=1,1,1|1|1|1|1,1.0,1.0,0.0,1.0,0.595834
graph_final,Q-DOC01-FACT-004,grade>=1,1,1|1|1|1|1,1.0,1.0,0.0,1.0,1.0
graph_final,Q-DOC01-FACT-005,grade>=1,0,0|0|1|1|1,0.0,1.0,0.0,0.333333,0.446854
graph_final,Q-DOC01-FACT-006,grade>=1,0,0|0|1|1|0,0.0,1.0,0.0,0.333333,0.315648
graph_final,Q-DOC01-FACT-007,grade>=1,1,1|2|1|1|1,1.0,1.0,0.0,1.0,0.850834
graph_final,Q-DOC01-FACT-008,grade>=1,0,0|0|0|0|0,0.0,0.0,0.0,0.052632,0.0
graph_final,Q-DOC01-FACT-009,grade>=1,0,0|0|2|2|2,0.0,1.0,0.0,0.333333,0.446854
graph_final,Q-DOC01-FACT-010,grade>=1,1,1|1|1|1|1,1.0,1.0,0.0,1.0,0.474768
graph_final,Q-DOC01-FACT-011,grade>=1,1,1|1|1|1|0,1.0,1.0,0.0,1.0,0.412476
graph_final,Q-DOC01-FACT-012,grade>=1,1,1|1|0|0|0,1.0,1.0,0.0,1.0,0.262616
graph_final,Q-DOC01-FACT-013,grade>=1,0,0|0|0|0|0,0.0,0.0,0.0,0.052632,0.0
graph_final,Q-DOC01-FACT-014,grade>=1,0,0|0|0|0|2,0.0,1.0,0.0,0.2,0.234529
graph_final,Q-DOC01-FACT-015,grade>=1,3,3|1|1|1|1,1.0,1.0,1.0,1.0,0.876413
graph_final,Q-DOC01-FACT-016,grade>=1,0,0|0|1|1|1,0.0,1.0,0.0,0.333333,0.446854
graph_final,Q-DOC01-FACT-017,grade>=1,2,2|3|2|1|1,1.0,1.0,1.0,1.0,0.868311
graph_final,Q-DOC01-FACT-018,grade>=1,3,3|2|2|1|1,1.0,1.0,1.0,1.0,0.928647
graph_final,Q-DOC01-FACT-019,grade>=1,3,3|2|2|3|2,1.0,1.0,1.0,1.0,0.947882
graph_final,Q-DOC01-FACT-020,grade>=1,3,3|2|2|2|0,1.0,1.0,1.0,1.0,1.0
graph_final,Q-DOC01-FACT-021,grade>=1,1,1|1|1|1|1,1.0,1.0,0.0,1.0,1.0
graph_final,Q-DOC01-FACT-022,grade>=1,1,1|0|0|0|0,1.0,1.0,0.0,1.0,0.33916
graph_final,Q-DOC01-FACT-023,grade>=1,2,2|1|0|0|2,1.0,1.0,0.0,1.0,0.541694
graph_final,Q-DOC01-FACT-024,grade>=1,0,0|0|1|0|0,0.0,1.0,0.0,0.333333,0.16958
graph_final,Q-DOC01-FACT-025,grade>=1,0,0|0|1|0|1,0.0,1.0,0.0,0.333333,0.179218
graph_final,Q-DOC02-FACT-001,grade>=1,1,1|2|1|1|2,1.0,1.0,0.0,1.0,0.691235
graph_final,Q-DOC02-FACT-002,grade>=1,1,1|2|1|1|1,1.0,1.0,0.0,1.0,0.677955
graph_final,Q-DOC02-FACT-003,grade>=1,3,3|3|3|2|2,1.0,1.0,1.0,1.0,0.909767
graph_final,Q-DOC02-FACT-004,grade>=1,1,1|1|2|1|1,1.0,1.0,0.0,1.0,0.797917
graph_final,Q-DOC02-FACT-005,grade>=1,1,1|1|1|1|1,1.0,1.0,0.0,1.0,1.0
graph_final,Q-DOC02-FACT-006,grade>=1,1,1|1|1|1|1,1.0,1.0,0.0,1.0,1.0
graph_final,Q-DOC02-FACT-007,grade>=1,1,1|1|1|2|1,1.0,1.0,0.0,1.0,0.769899
graph_final,Q-DOC02-FACT-008,grade>=1,1,1|1|1|2|2,1.0,1.0,0.0,1.0,0.635689
graph_final,Q-DOC02-FACT-009,grade>=1,0,0|1|1|1|1,0.0,1.0,0.0,0.5,0.66084
graph_final,Q-DOC02-FACT-010,grade>=1,0,0|0|0|0|0,0.0,0.0,0.0,0.090909,0.0
graph_final,Q-DOC02-FACT-011,grade>=1,1,1|1|0|1|1,1.0,1.0,0.0,1.0,0.83042
graph_final,Q-DOC02-FACT-012,grade>=1,1,1|1|1|1|1,1.0,1.0,0.0,1.0,1.0
graph_final,Q-DOC02-FACT-013,grade>=1,1,1|1|1|1|1,1.0,1.0,0.0,1.0,1.0
graph_final,Q-DOC02-FACT-014,grade>=1,0,0|0|0|0|2,0.0,1.0,0.0,0.2,0.131205
graph_final,Q-DOC02-FACT-015,grade>=1,1,1|1|1|1|1,1.0,1.0,0.0,1.0,1.0
graph_final,Q-DOC02-FACT-016,grade>=1,1,1|1|1|1|1,1.0,1.0,0.0,1.0,1.0
graph_final,Q-DOC02-FACT-017,grade>=1,3,3|3|3|3|3,1.0,1.0,1.0,1.0,1.0
graph_final,Q-DOC02-FACT-018,grade>=1,2,2|2|2|2|2,1.0,1.0,0.0,1.0,0.688604
graph_final,Q-DOC02-FACT-019,grade>=1,1,1|1|1|2|2,1.0,1.0,0.0,1.0,0.635689
graph_final,Q-DOC02-FACT-020,grade>=1,0,0|0|0|0|0,0.0,0.0,0.0,0.0,0.0
graph_final,Q-DOC02-FACT-021,grade>=1,0,0|0|0|1|0,0.0,1.0,0.0,0.25,0.168128
graph_final,Q-DOC02-FACT-022,grade>=1,1,1|1|1|1|1,1.0,1.0,0.0,1.0,1.0
graph_final,Q-DOC02-FACT-023,grade>=1,1,1|0|1|1|1,1.0,1.0,0.0,1.0,0.321418
graph_final,Q-DOC02-FACT-024,grade>=1,1,1|1|1|1|1,1.0,1.0,0.0,1.0,1.0
graph_final,Q-DOC02-FACT-025,grade>=1,1,1|1|1|0|0,1.0,1.0,0.0,1.0,0.722727
graph_final,Q-DOC03-FACT-001,grade>=1,2,2|1|1|1|1,1.0,1.0,0.0,1.0,1.0
graph_final,Q-DOC03-FACT-002,grade>=1,1,1|2|2|1|1,1.0,1.0,0.0,1.0,0.72262
graph_final,Q-DOC03-FACT-003,grade>=1,1,1|1|1|1|1,1.0,1.0,0.0,1.0,1.0
graph_final,Q-DOC03-FACT-004,grade>=1,1,1|1|1|1|1,1.0,1.0,0.0,1.0,1.0
graph_final,Q-DOC03-FACT-005,grade>=1,2,2|2|2|2|2,1.0,1.0,0.0,1.0,1.0
graph_final,Q-DOC03-FACT-006,grade>=1,2,2|1|0|0|0,1.0,1.0,0.0,1.0,1.0
graph_final,Q-DOC03-FACT-007,grade>=1,1,1|2|2|1|1,1.0,1.0,0.0,1.0,0.838978
graph_final,Q-DOC03-FACT-008,grade>=1,0,0|1|1|1|0,0.0,1.0,0.0,0.5,0.529635
graph_final,Q-DOC03-FACT-009,grade>=1,1,1|1|1|2|2,1.0,1.0,0.0,1.0,0.567852
graph_final,Q-DOC03-FACT-010,grade>=1,1,1|1|1|1|1,1.0,1.0,0.0,1.0,1.0
graph_final,Q-DOC04-FACT-001,grade>=1,1,1|0|0|0|0,1.0,1.0,0.0,1.0,0.33916
graph_final,Q-DOC04-FACT-002,grade>=1,0,0|0|0|0|0,0.0,0.0,0.0,0.066667,0.0
graph_final,Q-DOC04-FACT-003,grade>=1,1,1|1|0|0|0,1.0,1.0,0.0,1.0,0.553146
graph_final,Q-DOC04-FACT-004,grade>=1,0,0|0|0|0|0,0.0,0.0,0.0,0.125,0.0
graph_final,Q-DOC04-FACT-005,grade>=1,0,0|0|2|1|0,0.0,1.0,0.0,0.333333,0.390157
graph_final,Q-DOC04-FACT-006,grade>=1,0,0|0|0|0|0,0.0,0.0,0.0,0.111111,0.0
graph_final,Q-DOC04-FACT-007,grade>=1,1,1|1|0|0|1,1.0,1.0,0.0,1.0,0.684352
graph_final,Q-DOC04-FACT-008,grade>=1,1,1|1|0|2|0,1.0,1.0,0.0,1.0,0.470662
graph_final,Q-DOC04-FACT-009,grade>=1,1,1|1|0|0|0,1.0,1.0,0.0,1.0,0.636682
graph_final,Q-DOC04-FACT-010,grade>=1,0,0|0|0|0|0,0.0,0.0,0.0,0.125,0.0
graph_final,Q-DOC05-FACT-001,grade>=1,1,1|1|0|0|0,1.0,1.0,0.0,1.0,0.553146
graph_final,Q-DOC05-FACT-002,grade>=1,1,1|1|0|0|0,1.0,1.0,0.0,1.0,0.553146
graph_final,Q-DOC05-FACT-003,grade>=1,0,0|1|1|0|0,0.0,1.0,0.0,0.5,0.383566
graph_final,Q-DOC05-FACT-004,grade>=1,1,1|1|1|1|1,1.0,1.0,0.0,1.0,0.595834
graph_final,Q-DOC05-FACT-005,grade>=1,1,1|1|0|0|0,1.0,1.0,0.0,1.0,0.553146
graph_final,Q-DOC05-FACT-006,grade>=1,1,1|1|1|1|1,1.0,1.0,0.0,1.0,1.0
graph_final,Q-DOC05-FACT-007,grade>=1,1,1|1|1|1|1,1.0,1.0,0.0,1.0,0.474768
graph_final,Q-DOC05-FACT-008,grade>=1,1,1|1|1|1|0,1.0,1.0,0.0,1.0,0.868795
graph_final,Q-DOC06-FACT-001,grade>=1,1,1|1|1|0|0,1.0,1.0,0.0,1.0,0.722727
graph_final,Q-DOC06-FACT-002,grade>=1,1,1|1|1|0|1,1.0,1.0,0.0,1.0,0.405419
graph_final,Q-DOC06-FACT-003,grade>=1,0,0|0|0|1|0,0.0,1.0,0.0,0.25,0.146068
graph_final,Q-DOC06-FACT-004,grade>=1,0,0|0|0|0|0,0.0,0.0,0.0,0.166667,0.0
graph_final,Q-DOC06-FACT-005,grade>=1,1,1|1|1|1|0,1.0,1.0,0.0,1.0,0.868795
graph_final,Q-DOC06-FACT-006,grade>=1,0,0|0|1|0|1,0.0,1.0,0.0,0.333333,0.416181
graph_final,Q-DOC06-FACT-007,grade>=1,0,0|0|0|0|0,0.0,0.0,0.0,0.125,0.0
graph_final,Q-DOC06-FACT-008,grade>=1,1,1|1|1|0|1,1.0,1.0,0.0,1.0,0.508801
graph_final,Q-DOC07-FACT-001,grade>=1,1,1|1|1|1|1,1.0,1.0,0.0,1.0,1.0
graph_final,Q-DOC07-FACT-002,grade>=1,1,1|1|1|1|1,1.0,1.0,0.0,1.0,1.0
graph_final,Q-DOC07-FACT-003,grade>=1,0,0|0|1|0|0,0.0,1.0,0.0,0.333333,0.16958
graph_final,Q-DOC07-FACT-004,grade>=1,1,1|1|1|1|1,1.0,1.0,0.0,1.0,1.0
graph_final,Q-DOC07-FACT-005,grade>=1,0,0|0|0|0|0,0.0,0.0,0.0,0.083333,0.0
graph_final,Q-DOC07-FACT-006,grade>=1,0,0|0|0|0|0,0.0,0.0,0.0,0.0,0.0
graph_final,Q-DOC07-FACT-007,grade>=1,0,0|0|0|0|0,0.0,0.0,0.0,0.0,0.0
graph_final,Q-DOC07-FACT-008,grade>=1,1,1|1|1|1|1,1.0,1.0,0.0,1.0,1.0
graph_final,Q-DOC07-FACT-009,grade>=1,0,0|0|0|0|0,0.0,0.0,0.0,0.0,0.0
graph_final,Q-DOC07-FACT-010,grade>=1,1,1|1|1|1|1,1.0,1.0,0.0,1.0,1.0
graph_final,Q-DOC07-FACT-011,grade>=1,1,1|0|1|0|1,1.0,1.0,0.0,1.0,0.639945
graph_final,Q-DOC07-FACT-012,grade>=1,0,0|0|1|0|0,0.0,1.0,0.0,0.333333,0.5
graph_final,Q-DOC08-FACT-001,grade>=1,1,1|1|1|1|0,1.0,1.0,0.0,1.0,0.868795
graph_final,Q-DOC08-FACT-002,grade>=1,0,0|0|0|0|1,0.0,1.0,0.0,0.2,0.131205
graph_final,Q-DOC08-FACT-003,grade>=1,0,0|0|0|1|0,0.0,1.0,0.0,0.25,0.168128
graph_final,Q-DOC08-FACT-004,grade>=1,0,0|0|1|0|0,0.0,1.0,0.0,0.333333,0.16958
graph_final,Q-DOC08-FACT-005,grade>=1,1,1|0|1|0|1,1.0,1.0,0.0,1.0,0.639945
graph_final,Q-DOC08-FACT-006,grade>=1,0,0|0|0|0|0,0.0,0.0,0.0,0.066667,0.0
graph_final,Q-DOC08-FACT-007,grade>=1,1,1|0|1|0|0,1.0,1.0,0.0,1.0,0.50874
graph_final,Q-DOC08-FACT-008,grade>=1,1,1|1|1|1|1,1.0,1.0,0.0,1.0,1.0
graph_final,Q-DOC08-FACT-009,grade>=1,1,1|1|1|0|1,1.0,1.0,0.0,1.0,0.853932
graph_final,Q-DOC08-FACT-010,grade>=1,0,0|0|1|0|0,0.0,1.0,0.0,0.333333,0.16958
graph_final,Q-DOC08-FACT-011,grade>=1,1,1|0|1|0|1,1.0,1.0,0.0,1.0,0.639945
graph_final,Q-DOC08-FACT-012,grade>=1,0,0|0|0|0|0,0.0,0.0,0.0,0.0,0.0
graph_final,Q-DOC09-FACT-001,grade>=1,1,1|2|2|1|1,1.0,1.0,0.0,1.0,0.838978
graph_final,Q-DOC09-FACT-002,grade>=1,2,2|2|1|0|0,1.0,1.0,0.0,1.0,0.747927
graph_final,Q-DOC09-FACT-003,grade>=1,1,1|0|0|1|1,1.0,1.0,0.0,1.0,0.616434
graph_final,Q-DOC09-FACT-004,grade>=1,1,1|1|0|1|1,1.0,1.0,0.0,1.0,0.83042
graph_final,Q-DOC09-FACT-005,grade>=1,1,1|1|1|1|0,1.0,1.0,0.0,1.0,0.868795
graph_final,Q-DOC09-FACT-006,grade>=1,1,1|0|0|1|1,1.0,1.0,0.0,1.0,0.616434
graph_final,Q-DOC09-FACT-007,grade>=1,1,1|1|0|0|0,1.0,1.0,0.0,1.0,0.329583
graph_final,Q-DOC09-FACT-008,grade>=1,1,1|3|1|1|2,1.0,1.0,1.0,1.0,0.735309
graph_final,Q-DOC09-FACT-009,grade>=1,1,1|0|0|1|0,1.0,1.0,0.0,1.0,0.485229
graph_final,Q-DOC09-FACT-010,grade>=1,1,1|3|1|1|1,1.0,1.0,1.0,1.0,0.752536
graph_final,Q-DOC09-FACT-011,grade>=1,1,1|1|1|1|1,1.0,1.0,0.0,1.0,1.0
graph_final,Q-DOC09-FACT-012,grade>=1,1,1|1|1|1|1,1.0,1.0,0.0,1.0,1.0
graph_final,Q-DOC09-FACT-013,grade>=1,1,1|1|1|1|1,1.0,1.0,0.0,1.0,1.0
graph_final,Q-DOC09-FACT-014,grade>=1,2,2|1|1|0|0,1.0,1.0,0.0,1.0,0.404584
graph_final,Q-DOC09-FACT-015,grade>=1,1,1|1|0|0|1,1.0,1.0,0.0,1.0,0.684352
graph_final,Q-DOC10-FACT-001,grade>=1,1,1|1|1|1|0,1.0,1.0,0.0,1.0,0.868795
graph_final,Q-DOC10-FACT-002,grade>=1,1,1|1|1|0|0,1.0,1.0,0.0,1.0,0.722727
graph_final,Q-DOC10-FACT-003,grade>=1,1,1|1|1|0|0,1.0,1.0,0.0,1.0,0.722727
graph_final,Q-DOC10-FACT-004,grade>=1,0,0|0|0|0|0,0.0,0.0,0.0,0.1,0.0
graph_final,Q-DOC10-FACT-005,grade>=1,1,1|1|1|0|1,1.0,1.0,0.0,1.0,0.508801
graph_final,Q-DOC10-FACT-006,grade>=1,0,0|0|0|0|0,0.0,0.0,0.0,0.052632,0.0
graph_final,Q-DOC10-FACT-007,grade>=1,1,1|0|0|1|0,1.0,1.0,0.0,1.0,0.485229
graph_final,Q-DOC10-FACT-008,grade>=1,0,0|0|0|0|1,0.0,1.0,0.0,0.2,0.131205
graph_final,Q-DOC10-FACT-009,grade>=1,0,0|0|0|0|0,0.0,0.0,0.0,0.1,0.0
graph_final,Q-DOC10-FACT-010,grade>=1,0,0|0|0|0|0,0.0,0.0,0.0,0.0,0.0
graph_final,Q-DOC10-FACT-011,grade>=1,0,0|0|2|2|2,0.0,1.0,0.0,0.333333,0.446854
graph_final,Q-DOC10-FACT-012,grade>=1,0,0|0|0|0|0,0.0,0.0,0.0,0.1,0.0
graph_final,Q-DOC10-FACT-013,grade>=1,0,0|0|2|2|2,0.0,1.0,0.0,0.333333,0.446854
graph_final,Q-DOC10-FACT-014,grade>=1,0,0|0|0|0|0,0.0,0.0,0.0,0.125,0.0
graph_final,Q-DOC10-FACT-015,grade>=1,1,1|0|0|0|0,1.0,1.0,0.0,1.0,0.33916
graph_final,Q-DOC03-FACT-011,grade>=1,0,0|0|0|2|1,0.0,1.0,0.0,0.25,0.339274
graph_final,Q-DOC03-FACT-012,grade>=1,2,2|1|1|1|1,1.0,1.0,0.0,1.0,1.0
graph_final,Q-DOC03-FACT-013,grade>=1,2,2|1|1|0|1,1.0,1.0,0.0,1.0,0.912968
graph_final,Q-DOC03-FACT-014,grade>=1,1,1|1|1|1|1,1.0,1.0,0.0,1.0,0.595834
graph_final,Q-DOC03-FACT-015,grade>=1,0,0|0|1|1|1,0.0,1.0,0.0,0.333333,0.446854
graph_final,Q-DOC04-FACT-011,grade>=1,0,0|0|0|0|1,0.0,1.0,0.0,0.2,0.131205
graph_final,Q-DOC04-FACT-012,grade>=1,0,0|0|0|1|1,0.0,1.0,0.0,0.25,0.277273
graph_final,Q-DOC04-FACT-013,grade>=1,1,1|1|0|2|2,1.0,1.0,0.0,1.0,0.657538
graph_final,Q-DOC04-FACT-014,grade>=1,0,0|0|0|0|0,0.0,0.0,0.0,0.1,0.0
graph_final,Q-DOC04-FACT-015,grade>=1,1,1|0|0|0|1,1.0,1.0,0.0,1.0,0.650821
graph_final,Q-DOC05-FACT-009,grade>=1,1,1|1|1|0|0,1.0,1.0,0.0,1.0,0.722727
graph_final,Q-DOC05-FACT-010,grade>=1,0,0|1|0|0|1,0.0,1.0,0.0,0.5,0.345191
graph_final,Q-DOC05-FACT-011,grade>=1,1,1|1|1|1|1,1.0,1.0,0.0,1.0,1.0
graph_final,Q-DOC05-FACT-012,grade>=1,1,1|1|0|0|0,1.0,1.0,0.0,1.0,0.553146
graph_final,Q-DOC05-FACT-013,grade>=1,1,1|1|0|1|1,1.0,1.0,0.0,1.0,0.394257
graph_final,Q-DOC06-FACT-009,grade>=1,1,1|1|0|1|0,1.0,1.0,0.0,1.0,0.967468
graph_final,Q-DOC06-FACT-010,grade>=1,0,0|0|0|0|0,0.0,0.0,0.0,0.0,0.0
graph_final,Q-DOC06-FACT-011,grade>=1,0,0|0|0|0|0,0.0,0.0,0.0,0.058824,0.0
graph_final,Q-DOC06-FACT-012,grade>=1,1,1|1|1|1|1,1.0,1.0,0.0,1.0,1.0
graph_final,Q-DOC06-FACT-013,grade>=1,1,1|1|0|0|0,1.0,1.0,0.0,1.0,1.0
graph_final,Q-DOC07-FACT-013,grade>=1,0,0|0|0|0|0,0.0,0.0,0.0,0.0,0.0
graph_final,Q-DOC07-FACT-014,grade>=1,0,0|0|0|0|0,0.0,0.0,0.0,0.0,0.0
graph_final,Q-DOC07-FACT-015,grade>=1,1,1|0|0|0|0,1.0,1.0,0.0,1.0,0.613147
graph_final,Q-DOC07-FACT-016,grade>=1,0,0|0|0|0|1,0.0,1.0,0.0,0.2,0.386853
graph_final,Q-DOC07-FACT-017,grade>=1,0,0|0|0|1|0,0.0,1.0,0.0,0.25,0.146068
graph_final,Q-DOC08-FACT-013,grade>=1,0,0|0|0|0|0,0.0,0.0,0.0,0.0,0.0
graph_final,Q-DOC08-FACT-014,grade>=1,0,0|0|0|0|0,0.0,0.0,0.0,0.055556,0.0
graph_final,Q-DOC08-FACT-015,grade>=1,0,0|0|0|0|0,0.0,0.0,0.0,0.0,0.0
graph_final,Q-DOC08-FACT-016,grade>=1,0,0|0|0|0|0,0.0,0.0,0.0,0.0,0.0
graph_final,Q-DOC08-FACT-017,grade>=1,0,0|0|0|0|0,0.0,0.0,0.0,0.0,0.0
graph_final,Q-DOC09-FACT-016,grade>=1,1,1|1|1|1|0,1.0,1.0,0.0,1.0,0.868795
graph_final,Q-DOC09-FACT-017,grade>=1,1,1|1|1|1|1,1.0,1.0,0.0,1.0,1.0
graph_final,Q-DOC09-FACT-018,grade>=1,1,1|1|1|1|1,1.0,1.0,0.0,1.0,1.0
graph_final,Q-DOC09-FACT-019,grade>=1,1,1|0|0|0|0,1.0,1.0,0.0,1.0,0.39038
graph_final,Q-DOC09-FACT-020,grade>=1,1,1|1|0|1|1,1.0,1.0,0.0,1.0,0.83042
graph_final,Q-DOC10-FACT-016,grade>=1,1,1|0|0|0|0,1.0,1.0,0.0,1.0,0.39038
graph_final,Q-DOC10-FACT-017,grade>=1,0,0|0|1|1|1,0.0,1.0,0.0,0.333333,0.446854
graph_final,Q-DOC10-FACT-018,grade>=1,0,0|0|0|0|0,0.0,0.0,0.0,0.058824,0.0
graph_final,Q-DOC10-FACT-019,grade>=1,0,0|0|0|0|0,0.0,0.0,0.0,0.076923,0.0
graph_final,Q-DOC10-FACT-020,grade>=1,0,0|0|2|2|2,0.0,1.0,0.0,0.333333,0.446854
hyper_base,Q-DOC01-FACT-001,grade>=1,3,3|1|3|2|2,1.0,1.0,1.0,1.0,0.88382
hyper_base,Q-DOC01-FACT-002,grade>=1,2,2|1|3|1|1,1.0,1.0,1.0,1.0,0.778473
hyper_base,Q-DOC01-FACT-003,grade>=1,1,1|1|1|1|1,1.0,1.0,0.0,1.0,0.595834
hyper_base,Q-DOC01-FACT-004,grade>=1,1,1|1|1|1|1,1.0,1.0,0.0,1.0,1.0
hyper_base,Q-DOC01-FACT-005,grade>=1,1,1|2|1|1|1,1.0,1.0,0.0,1.0,0.850834
hyper_base,Q-DOC01-FACT-006,grade>=1,1,1|1|1|1|1,1.0,1.0,0.0,1.0,1.0
hyper_base,Q-DOC01-FACT-007,grade>=1,3,3|1|1|2|2,1.0,1.0,1.0,1.0,0.60933
hyper_base,Q-DOC01-FACT-008,grade>=1,0,0|0|0|0|2,0.0,1.0,0.0,0.2,0.131205
hyper_base,Q-DOC01-FACT-009,grade>=1,0,0|2|2|2|2,0.0,1.0,0.0,0.5,0.66084
hyper_base,Q-DOC01-FACT-010,grade>=1,2,2|2|1|2|2,1.0,1.0,0.0,1.0,0.886947
hyper_base,Q-DOC01-FACT-011,grade>=1,2,2|2|2|2|1,1.0,1.0,0.0,1.0,1.0
hyper_base,Q-DOC01-FACT-012,grade>=1,1,1|1|0|2|1,1.0,1.0,0.0,1.0,0.532954
hyper_base,Q-DOC01-FACT-013,grade>=1,0,0|0|0|0|0,0.0,0.0,0.0,0.166667,0.0
hyper_base,Q-DOC01-FACT-014,grade>=1,3,3|1|0|0|1,1.0,1.0,1.0,1.0,0.624176
hyper_base,Q-DOC01-FACT-015,grade>=1,2,2|2|3|2|2,1.0,1.0,1.0,1.0,0.844302
hyper_base,Q-DOC01-FACT-016,grade>=1,3,3|1|1|1|1,1.0,1.0,1.0,1.0,1.0
hyper_base,Q-DOC01-FACT-017,grade>=1,2,2|2|3|2|2,1.0,1.0,1.0,1.0,0.844302
hyper_base,Q-DOC01-FACT-018,grade>=1,2,2|3|2|2|2,1.0,1.0,1.0,1.0,0.885073
hyper_base,Q-DOC01-FACT-019,grade>=1,3,3|2|2|2|3,1.0,1.0,1.0,1.0,0.936476
hyper_base,Q-DOC01-FACT-020,grade>=1,3,3|3|2|2|3,1.0,1.0,1.0,1.0,0.819629
hyper_base,Q-DOC01-FACT-021,grade>=1,1,1|1|1|1|1,1.0,1.0,0.0,1.0,1.0
hyper_base,Q-DOC01-FACT-022,grade>=1,1,1|1|1|1|1,1.0,1.0,0.0,1.0,1.0
hyper_base,Q-DOC01-FACT-023,grade>=1,2,2|2|2|1|2,1.0,1.0,0.0,1.0,0.902621
hyper_base,Q-DOC01-FACT-024,grade>=1,3,3|1|2|2|1,1.0,1.0,1.0,1.0,0.964273
hyper_base,Q-DOC01-FACT-025,grade>=1,1,1|1|1|1|1,1.0,1.0,0.0,1.0,1.0
hyper_base,Q-DOC02-FACT-001,grade>=1,0,0|1|0|0|1,0.0,1.0,0.0,0.5,0.205677
hyper_base,Q-DOC02-FACT-002,grade>=1,0,0|0|1|0|0,0.0,1.0,0.0,0.333333,0.306574
hyper_base,Q-DOC02-FACT-003,grade>=1,3,3|3|3|3|0,1.0,1.0,1.0,1.0,0.939212
hyper_base,Q-DOC02-FACT-004,grade>=1,0,0|0|0|0|1,0.0,1.0,0.0,0.2,0.181542
hyper_base,Q-DOC02-FACT-005,grade>=1,1,1|1|1|1|1,1.0,1.0,0.0,1.0,1.0
hyper_base,Q-DOC02-FACT-006,grade>=1,1,1|0|1|1|0,1.0,1.0,0.0,1.0,0.654809
hyper_base,Q-DOC02-FACT-007,grade>=1,1,1|1|2|1|1,1.0,1.0,0.0,1.0,0.547612
hyper_base,Q-DOC02-FACT-008,grade>=1,1,1|1|2|1|1,1.0,1.0,0.0,1.0,0.63579
hyper_base,Q-DOC02-FACT-009,grade>=1,2,2|1|0|2|1,1.0,1.0,0.0,1.0,0.854998
hyper_base,Q-DOC02-FACT-010,grade>=1,0,0|0|0|0|2,0.0,1.0,0.0,0.2,0.131205
hyper_base,Q-DOC02-FACT-011,grade>=1,0,0|0|1|0|0,0.0,1.0,0.0,0.333333,0.19519
hyper_base,Q-DOC02-FACT-012,grade>=1,2,2|1|2|1|1,1.0,1.0,0.0,1.0,0.957835
hyper_base,Q-DOC02-FACT-013,grade>=1,1,1|2|3|1|1,1.0,1.0,1.0,1.0,0.70618
hyper_base,Q-DOC02-FACT-014,grade>=1,2,2|2|2|2|2,1.0,1.0,0.0,1.0,1.0
hyper_base,Q-DOC02-FACT-015,grade>=1,2,2|1|1|2|1,1.0,1.0,0.0,1.0,0.93551
hyper_base,Q-DOC02-FACT-016,grade>=1,0,0|1|0|0|1,0.0,1.0,0.0,0.5,0.397322
hyper_base,Q-DOC02-FACT-017,grade>=1,3,3|3|3|3|2,1.0,1.0,1.0,1.0,1.0
hyper_base,Q-DOC02-FACT-018,grade>=1,2,2|2|2|2|2,1.0,1.0,0.0,1.0,1.0
hyper_base,Q-DOC02-FACT-019,grade>=1,3,3|2|2|1|1,1.0,1.0,1.0,1.0,0.928647
hyper_base,Q-DOC02-FACT-020,grade>=1,1,1|1|1|1|0,1.0,1.0,0.0,1.0,0.868795
hyper_base,Q-DOC02-FACT-021,grade>=1,1,1|1|1|1|1,1.0,1.0,0.0,1.0,1.0
hyper_base,Q-DOC02-FACT-022,grade>=1,0,0|1|1|0|0,0.0,1.0,0.0,0.5,0.441492
hyper_base,Q-DOC02-FACT-023,grade>=1,1,1|1|1|1|2,1.0,1.0,0.0,1.0,0.599352
hyper_base,Q-DOC02-FACT-024,grade>=1,2,2|1|1|1|0,1.0,1.0,0.0,1.0,0.446764
hyper_base,Q-DOC02-FACT-025,grade>=1,1,1|1|1|1|1,1.0,1.0,0.0,1.0,1.0
hyper_base,Q-DOC03-FACT-001,grade>=1,3,3|1|1|1|1,1.0,1.0,1.0,1.0,0.741278
hyper_base,Q-DOC03-FACT-002,grade>=1,3,3|3|1|0|0,1.0,1.0,1.0,1.0,0.9358
hyper_base,Q-DOC03-FACT-003,grade>=1,3,3|2|2|1|2,1.0,1.0,1.0,1.0,0.992739
hyper_base,Q-DOC03-FACT-004,grade>=1,2,2|1|0|1|1,1.0,1.0,0.0,1.0,0.898958
hyper_base,Q-DOC03-FACT-005,grade>=1,2,2|1|1|1|1,1.0,1.0,0.0,1.0,0.55944
hyper_base,Q-DOC03-FACT-006,grade>=1,2,2|1|1|1|1,1.0,1.0,0.0,1.0,0.796812
hyper_base,Q-DOC03-FACT-007,grade>=1,2,2|2|1|1|0,1.0,1.0,0.0,1.0,0.807657
hyper_base,Q-DOC03-FACT-008,grade>=1,0,0|0|0|1|0,0.0,1.0,0.0,0.25,0.146068
hyper_base,Q-DOC03-FACT-009,grade>=1,3,3|3|1|0|1,1.0,1.0,1.0,1.0,0.842962
hyper_base,Q-DOC03-FACT-010,grade>=1,2,2|0|1|0|0,1.0,1.0,0.0,1.0,0.707291
hyper_base,Q-DOC04-FACT-001,grade>=1,1,1|2|0|1|1,1.0,1.0,0.0,1.0,0.749793
hyper_base,Q-DOC04-FACT-002,grade>=1,1,1|1|1|1|1,1.0,1.0,0.0,1.0,1.0
hyper_base,Q-DOC04-FACT-003,grade>=1,1,1|3|2|1|1,1.0,1.0,1.0,1.0,0.757473
hyper_base,Q-DOC04-FACT-004,grade>=1,1,1|1|1|1|1,1.0,1.0,0.0,1.0,1.0
hyper_base,Q-DOC04-FACT-005,grade>=1,1,1|1|1|1|1,1.0,1.0,0.0,1.0,1.0
hyper_base,Q-DOC04-FACT-006,grade>=1,1,1|1|1|1|1,1.0,1.0,0.0,1.0,1.0
hyper_base,Q-DOC04-FACT-007,grade>=1,2,2|1|1|1|1,1.0,1.0,0.0,1.0,1.0
hyper_base,Q-DOC04-FACT-008,grade>=1,1,1|1|2|1|1,1.0,1.0,0.0,1.0,0.547612
hyper_base,Q-DOC04-FACT-009,grade>=1,2,2|2|0|2|1,1.0,1.0,0.0,1.0,0.911426
hyper_base,Q-DOC04-FACT-010,grade>=1,0,0|0|2|2|2,0.0,1.0,0.0,0.333333,0.446854
hyper_base,Q-DOC05-FACT-001,grade>=1,1,1|1|1|1|1,1.0,1.0,0.0,1.0,0.474768
hyper_base,Q-DOC05-FACT-002,grade>=1,1,1|1|1|1|1,1.0,1.0,0.0,1.0,0.595834
hyper_base,Q-DOC05-FACT-003,grade>=1,1,1|1|1|1|1,1.0,1.0,0.0,1.0,0.595834
hyper_base,Q-DOC05-FACT-004,grade>=1,3,3|2|1|1|1,1.0,1.0,1.0,1.0,0.910796
hyper_base,Q-DOC05-FACT-005,grade>=1,3,3|1|1|1|1,1.0,1.0,1.0,1.0,1.0
hyper_base,Q-DOC05-FACT-006,grade>=1,2,2|1|1|1|1,1.0,1.0,0.0,1.0,0.686302
hyper_base,Q-DOC05-FACT-007,grade>=1,1,1|2|1|1|1,1.0,1.0,0.0,1.0,0.677955
hyper_base,Q-DOC05-FACT-008,grade>=1,1,1|1|2|1|1,1.0,1.0,0.0,1.0,0.797917
hyper_base,Q-DOC06-FACT-001,grade>=1,2,2|1|0|0|0,1.0,1.0,0.0,1.0,0.73375
hyper_base,Q-DOC06-FACT-002,grade>=1,2,2|1|0|1|0,1.0,1.0,0.0,1.0,0.563305
hyper_base,Q-DOC06-FACT-003,grade>=1,1,1|1|1|1|0,1.0,1.0,0.0,1.0,0.868795
hyper_base,Q-DOC06-FACT-004,grade>=1,1,1|1|0|0|1,1.0,1.0,0.0,1.0,0.684352
hyper_base,Q-DOC06-FACT-005,grade>=1,2,2|0|1|0|1,1.0,1.0,0.0,1.0,0.62587
hyper_base,Q-DOC06-FACT-006,grade>=1,0,0|1|0|1|1,0.0,1.0,0.0,0.5,0.49126
hyper_base,Q-DOC06-FACT-007,grade>=1,1,1|1|1|1|1,1.0,1.0,0.0,1.0,1.0
hyper_base,Q-DOC06-FACT-008,grade>=1,2,2|1|0|1|0,1.0,1.0,0.0,1.0,0.563305
hyper_base,Q-DOC07-FACT-001,grade>=1,1,1|1|3|2|2,1.0,1.0,1.0,1.0,0.676477
hyper_base,Q-DOC07-FACT-002,grade>=1,1,1|1|3|2|2,1.0,1.0,1.0,1.0,0.676477
hyper_base,Q-DOC07-FACT-003,grade>=1,0,0|1|3|1|1,0.0,1.0,1.0,0.5,0.552996
hyper_base,Q-DOC07-FACT-004,grade>=1,1,1|1|2|2|2,1.0,1.0,0.0,1.0,0.774379
hyper_base,Q-DOC07-FACT-005,grade>=1,1,1|3|1|1|0,1.0,1.0,1.0,1.0,0.709305
hyper_base,Q-DOC07-FACT-006,grade>=1,2,2|1|0|0|0,1.0,1.0,0.0,1.0,0.73375
hyper_base,Q-DOC07-FACT-007,grade>=1,0,0|0|1|1|1,0.0,1.0,0.0,0.333333,0.446854
hyper_base,Q-DOC07-FACT-008,grade>=1,3,3|2|1|1|0,1.0,1.0,1.0,1.0,0.876288
hyper_base,Q-DOC07-FACT-009,grade>=1,0,0|0|1|1|1,0.0,1.0,0.0,0.333333,0.446854
hyper_base,Q-DOC07-FACT-010,grade>=1,2,2|1|1|0|1,1.0,1.0,0.0,1.0,0.727464
hyper_base,Q-DOC07-FACT-011,grade>=1,1,1|1|1|1|1,1.0,1.0,0.0,1.0,1.0
hyper_base,Q-DOC07-FACT-012,grade>=1,1,1|1|1|1|1,1.0,1.0,0.0,1.0,0.595834
hyper_base,Q-DOC08-FACT-001,grade>=1,1,1|1|1|1|0,1.0,1.0,0.0,1.0,0.868795
hyper_base,Q-DOC08-FACT-002,grade>=1,1,1|2|1|1|1,1.0,1.0,0.0,1.0,0.850834
hyper_base,Q-DOC08-FACT-003,grade>=1,1,1|2|1|1|1,1.0,1.0,0.0,1.0,0.850834
hyper_base,Q-DOC08-FACT-004,grade>=1,1,1|2|1|1|0,1.0,1.0,0.0,1.0,0.772658
hyper_base,Q-DOC08-FACT-005,grade>=1,1,1|0|1|1|0,1.0,1.0,0.0,1.0,0.654809
hyper_base,Q-DOC08-FACT-006,grade>=1,0,0|1|1|0|1,0.0,1.0,0.0,0.5,0.514771
hyper_base,Q-DOC08-FACT-007,grade>=1,1,1|1|1|0|1,1.0,1.0,0.0,1.0,0.853932
hyper_base,Q-DOC08-FACT-008,grade>=1,2,2|2|1|1|1,1.0,1.0,0.0,1.0,0.86131
hyper_base,Q-DOC08-FACT-009,grade>=1,1,1|2|1|1|2,1.0,1.0,0.0,1.0,0.802539
hyper_base,Q-DOC08-FACT-010,grade>=1,1,1|0|0|0|0,1.0,1.0,0.0,1.0,0.469279
hyper_base,Q-DOC08-FACT-011,grade>=1,1,1|0|1|1|0,1.0,1.0,0.0,1.0,0.654809
hyper_base,Q-DOC08-FACT-012,grade>=1,1,1|1|0|0|0,1.0,1.0,0.0,1.0,1.0
hyper_base,Q-DOC09-FACT-001,grade>=1,1,1|1|1|1|1,1.0,1.0,0.0,1.0,1.0
hyper_base,Q-DOC09-FACT-002,grade>=1,1,1|1|1|0|0,1.0,1.0,0.0,1.0,0.722727
hyper_base,Q-DOC09-FACT-003,grade>=1,1,1|1|1|1|1,1.0,1.0,0.0,1.0,1.0
hyper_base,Q-DOC09-FACT-004,grade>=1,1,1|0|0|0|0,1.0,1.0,0.0,1.0,0.33916
hyper_base,Q-DOC09-FACT-005,grade>=1,2,2|1|1|1|1,1.0,1.0,0.0,1.0,0.796812
hyper_base,Q-DOC09-FACT-006,grade>=1,1,1|1|1|1|1,1.0,1.0,0.0,1.0,1.0
hyper_base,Q-DOC09-FACT-007,grade>=1,0,0|1|2|1|1,0.0,1.0,0.0,0.5,0.595834
hyper_base,Q-DOC09-FACT-008,grade>=1,2,2|0|0|0|1,1.0,1.0,0.0,1.0,0.684426
hyper_base,Q-DOC09-FACT-009,grade>=1,1,1|0|0|1|1,1.0,1.0,0.0,1.0,0.616434
hyper_base,Q-DOC09-FACT-010,grade>=1,1,1|1|1|1|1,1.0,1.0,0.0,1.0,0.263013
hyper_base,Q-DOC09-FACT-011,grade>=1,1,1|0|0|0|0,1.0,1.0,0.0,1.0,0.39038
hyper_base,Q-DOC09-FACT-012,grade>=1,1,1|0|0|0|0,1.0,1.0,0.0,1.0,0.202083
hyper_base,Q-DOC09-FACT-013,grade>=1,0,0|1|1|1|1,0.0,1.0,0.0,0.5,0.66084
hyper_base,Q-DOC09-FACT-014,grade>=1,2,2|1|1|0|0,1.0,1.0,0.0,1.0,0.834791
hyper_base,Q-DOC09-FACT-015,grade>=1,1,1|1|1|1|1,1.0,1.0,0.0,1.0,1.0
hyper_base,Q-DOC10-FACT-001,grade>=1,1,1|1|1|1|1,1.0,1.0,0.0,1.0,1.0
hyper_base,Q-DOC10-FACT-002,grade>=1,1,1|2|0|1|0,1.0,1.0,0.0,1.0,0.296465
hyper_base,Q-DOC10-FACT-003,grade>=1,0,0|1|0|1|0,0.0,1.0,0.0,0.5,0.360055
hyper_base,Q-DOC10-FACT-004,grade>=1,1,1|1|0|0|0,1.0,1.0,0.0,1.0,0.329583
hyper_base,Q-DOC10-FACT-005,grade>=1,1,1|0|0|0|1,1.0,1.0,0.0,1.0,0.28026
hyper_base,Q-DOC10-FACT-006,grade>=1,3,3|2|2|1|2,1.0,1.0,1.0,1.0,0.932945
hyper_base,Q-DOC10-FACT-007,grade>=1,1,1|1|1|1|1,1.0,1.0,0.0,1.0,0.595834
hyper_base,Q-DOC10-FACT-008,grade>=1,3,3|1|2|2|2,1.0,1.0,1.0,1.0,0.901765
hyper_base,Q-DOC10-FACT-009,grade>=1,3,3|1|1|1|0,1.0,1.0,1.0,1.0,0.838525
hyper_base,Q-DOC10-FACT-010,grade>=1,1,1|1|1|1|1,1.0,1.0,0.0,1.0,1.0
hyper_base,Q-DOC10-FACT-011,grade>=1,3,3|3|3|3|3,1.0,1.0,1.0,1.0,1.0
hyper_base,Q-DOC10-FACT-012,grade>=1,3,3|2|2|2|2,1.0,1.0,1.0,1.0,1.0
hyper_base,Q-DOC10-FACT-013,grade>=1,3,3|3|3|3|3,1.0,1.0,1.0,1.0,1.0
hyper_base,Q-DOC10-FACT-014,grade>=1,2,2|2|2|2|2,1.0,1.0,0.0,1.0,1.0
hyper_base,Q-DOC10-FACT-015,grade>=1,3,3|1|1|1|1,1.0,1.0,1.0,1.0,0.876413
hyper_base,Q-DOC03-FACT-011,grade>=1,1,1|0|0|3|3,1.0,1.0,1.0,1.0,0.527932
hyper_base,Q-DOC03-FACT-012,grade>=1,2,2|1|1|1|1,1.0,1.0,0.0,1.0,0.796812
hyper_base,Q-DOC03-FACT-013,grade>=1,2,2|2|1|1|1,1.0,1.0,0.0,1.0,0.86131
hyper_base,Q-DOC03-FACT-014,grade>=1,2,2|0|1|1|0,1.0,1.0,0.0,1.0,0.2862
hyper_base,Q-DOC03-FACT-015,grade>=1,0,0|0|0|1|1,0.0,1.0,0.0,0.25,0.277273
hyper_base,Q-DOC04-FACT-011,grade>=1,1,1|1|1|1|0,1.0,1.0,0.0,1.0,0.868795
hyper_base,Q-DOC04-FACT-012,grade>=1,2,2|1|1|1|1,1.0,1.0,0.0,1.0,1.0
hyper_base,Q-DOC04-FACT-013,grade>=1,1,1|1|2|2|1,1.0,1.0,0.0,1.0,0.667073
hyper_base,Q-DOC04-FACT-014,grade>=1,1,1|1|1|1|1,1.0,1.0,0.0,1.0,1.0
hyper_base,Q-DOC04-FACT-015,grade>=1,1,1|1|1|1|1,1.0,1.0,0.0,1.0,1.0
hyper_base,Q-DOC05-FACT-009,grade>=1,2,2|2|2|1|1,1.0,1.0,0.0,1.0,1.0
hyper_base,Q-DOC05-FACT-010,grade>=1,1,1|1|1|1|1,1.0,1.0,0.0,1.0,1.0
hyper_base,Q-DOC05-FACT-011,grade>=1,2,2|1|2|1|1,1.0,1.0,0.0,1.0,0.957835
hyper_base,Q-DOC05-FACT-012,grade>=1,2,2|1|1|1|1,1.0,1.0,0.0,1.0,1.0
hyper_base,Q-DOC05-FACT-013,grade>=1,1,1|2|1|1|1,1.0,1.0,0.0,1.0,0.677955
hyper_base,Q-DOC06-FACT-009,grade>=1,1,1|0|0|0|0,1.0,1.0,0.0,1.0,0.469279
hyper_base,Q-DOC06-FACT-010,grade>=1,0,0|0|0|1|0,0.0,1.0,0.0,0.25,0.146068
hyper_base,Q-DOC06-FACT-011,grade>=1,0,0|0|0|0|1,0.0,1.0,0.0,0.2,0.15102
hyper_base,Q-DOC06-FACT-012,grade>=1,1,1|1|1|0|1,1.0,1.0,0.0,1.0,0.853932
hyper_base,Q-DOC06-FACT-013,grade>=1,0,0|1|1|1|0,0.0,1.0,0.0,0.5,0.529635
hyper_base,Q-DOC07-FACT-013,grade>=1,1,1|0|0|0|0,1.0,1.0,0.0,1.0,0.469279
hyper_base,Q-DOC07-FACT-014,grade>=1,1,1|0|0|0|0,1.0,1.0,0.0,1.0,0.613147
hyper_base,Q-DOC07-FACT-015,grade>=1,1,1|0|0|0|0,1.0,1.0,0.0,1.0,0.469279
hyper_base,Q-DOC07-FACT-016,grade>=1,0,0|1|0|0|0,0.0,1.0,0.0,0.5,0.246302
hyper_base,Q-DOC07-FACT-017,grade>=1,0,0|2|0|1|0,0.0,1.0,0.0,0.5,0.37413
hyper_base,Q-DOC08-FACT-013,grade>=1,0,0|0|0|0|0,0.0,0.0,0.0,0.166667,0.0
hyper_base,Q-DOC08-FACT-014,grade>=1,0,0|0|0|0|0,0.0,0.0,0.0,0.066667,0.0
hyper_base,Q-DOC08-FACT-015,grade>=1,0,0|0|0|0|0,0.0,0.0,0.0,0.0,0.0
hyper_base,Q-DOC08-FACT-016,grade>=1,0,0|0|0|1|0,0.0,1.0,0.0,0.25,0.430677
hyper_base,Q-DOC08-FACT-017,grade>=1,0,0|0|0|0|0,0.0,0.0,0.0,0.0,0.0
hyper_base,Q-DOC09-FACT-016,grade>=1,1,1|1|1|1|1,1.0,1.0,0.0,1.0,1.0
hyper_base,Q-DOC09-FACT-017,grade>=1,1,1|1|0|0|0,1.0,1.0,0.0,1.0,0.765361
hyper_base,Q-DOC09-FACT-018,grade>=1,1,1|0|0|0|0,1.0,1.0,0.0,1.0,0.469279
hyper_base,Q-DOC09-FACT-019,grade>=1,1,1|1|1|0|0,1.0,1.0,0.0,1.0,0.831872
hyper_base,Q-DOC09-FACT-020,grade>=1,0,0|0|1|0|0,0.0,1.0,0.0,0.333333,0.19519
hyper_base,Q-DOC10-FACT-016,grade>=1,3,3|1|1|1|1,1.0,1.0,1.0,1.0,0.696629
hyper_base,Q-DOC10-FACT-017,grade>=1,2,2|1|2|2|2,1.0,1.0,0.0,1.0,0.857342
hyper_base,Q-DOC10-FACT-018,grade>=1,1,1|1|1|1|1,1.0,1.0,0.0,1.0,1.0
hyper_base,Q-DOC10-FACT-019,grade>=1,0,0|0|1|1|0,0.0,1.0,0.0,0.333333,0.315648
hyper_base,Q-DOC10-FACT-020,grade>=1,3,3|3|3|3|2,1.0,1.0,1.0,1.0,0.925026
hyper_final,Q-DOC01-FACT-001,grade>=1,1,1|1|1|1|1,1.0,1.0,0.0,1.0,0.595834
hyper_final,Q-DOC01-FACT-002,grade>=1,1,1|1|2|1|1,1.0,1.0,0.0,1.0,0.797917
hyper_final,Q-DOC01-FACT-003,grade>=1,1,1|1|1|1|1,1.0,1.0,0.0,1.0,0.365285
hyper_final,Q-DOC01-FACT-004,grade>=1,1,1|1|1|1|1,1.0,1.0,0.0,1.0,0.595834
hyper_final,Q-DOC01-FACT-005,grade>=1,0,0|0|1|1|1,0.0,1.0,0.0,0.333333,0.212152
hyper_final,Q-DOC01-FACT-006,grade>=1,0,0|0|1|1|0,0.0,1.0,0.0,0.333333,0.188074
hyper_final,Q-DOC01-FACT-007,grade>=1,2,2|1|1|3|2,1.0,1.0,1.0,1.0,0.54045
hyper_final,Q-DOC01-FACT-008,grade>=1,0,0|0|0|0|0,0.0,0.0,0.0,0.1,0.0
hyper_final,Q-DOC01-FACT-009,grade>=1,0,0|0|0|0|2,0.0,1.0,0.0,0.2,0.131205
hyper_final,Q-DOC01-FACT-010,grade>=1,1,1|1|1|1|1,1.0,1.0,0.0,1.0,0.333333
hyper_final,Q-DOC01-FACT-011,grade>=1,1,1|1|1|1|2,1.0,1.0,0.0,1.0,0.599352
hyper_final,Q-DOC01-FACT-012,grade>=1,1,1|1|1|0|0,1.0,1.0,0.0,1.0,0.295539
hyper_final,Q-DOC01-FACT-013,grade>=1,0,0|0|0|0|0,0.0,0.0,0.0,0.071429,0.0
hyper_final,Q-DOC01-FACT-014,grade>=1,1,1|1|3|0|0,1.0,1.0,1.0,1.0,0.457697
hyper_final,Q-DOC01-FACT-015,grade>=1,3,3|1|1|1|1,1.0,1.0,1.0,1.0,0.696629
hyper_final,Q-DOC01-FACT-016,grade>=1,1,1|1|1|0|0,1.0,1.0,0.0,1.0,0.722727
hyper_final,Q-DOC01-FACT-017,grade>=1,2,2|3|3|2|2,1.0,1.0,1.0,1.0,0.869869
hyper_final,Q-DOC01-FACT-018,grade>=1,3,3|2|3|2|2,1.0,1.0,1.0,1.0,0.965924
hyper_final,Q-DOC01-FACT-019,grade>=1,3,3|2|2|3|2,1.0,1.0,1.0,1.0,0.947882
hyper_final,Q-DOC01-FACT-020,grade>=1,3,3|0|2|2|2,1.0,1.0,1.0,1.0,0.630579
hyper_final,Q-DOC01-FACT-021,grade>=1,1,1|1|1|1|1,1.0,1.0,0.0,1.0,1.0
hyper_final,Q-DOC01-FACT-022,grade>=1,1,1|0|0|0|0,1.0,1.0,0.0,1.0,0.202083
hyper_final,Q-DOC01-FACT-023,grade>=1,2,2|2|2|1|0,1.0,1.0,0.0,1.0,0.771416
hyper_final,Q-DOC01-FACT-024,grade>=1,0,0|0|1|0|0,0.0,1.0,0.0,0.333333,0.16958
hyper_final,Q-DOC01-FACT-025,grade>=1,0,0|0|1|0|0,0.0,1.0,0.0,0.333333,0.101042
hyper_final,Q-DOC02-FACT-001,grade>=1,1,1|2|1|1|1,1.0,1.0,0.0,1.0,0.475991
hyper_final,Q-DOC02-FACT-002,grade>=1,1,1|2|1|1|1,1.0,1.0,0.0,1.0,0.521617
hyper_final,Q-DOC02-FACT-003,grade>=1,3,3|3|3|3|3,1.0,1.0,1.0,1.0,1.0
hyper_final,Q-DOC02-FACT-004,grade>=1,1,1|1|2|1|1,1.0,1.0,0.0,1.0,0.63579
hyper_final,Q-DOC02-FACT-005,grade>=1,1,1|1|1|1|1,1.0,1.0,0.0,1.0,0.595834
hyper_final,Q-DOC02-FACT-006,grade>=1,1,1|1|1|1|1,1.0,1.0,0.0,1.0,1.0
hyper_final,Q-DOC02-FACT-007,grade>=1,1,1|1|1|1|1,1.0,1.0,0.0,1.0,0.408922
hyper_final,Q-DOC02-FACT-008,grade>=1,1,1|1|1|1|1,1.0,1.0,0.0,1.0,0.229535
hyper_final,Q-DOC02-FACT-009,grade>=1,2,2|2|2|2|2,1.0,1.0,0.0,1.0,1.0
hyper_final,Q-DOC02-FACT-010,grade>=1,0,0|0|0|0|0,0.0,0.0,0.0,0.090909,0.0
hyper_final,Q-DOC02-FACT-011,grade>=1,1,1|1|1|1|0,1.0,1.0,0.0,1.0,0.868795
hyper_final,Q-DOC02-FACT-012,grade>=1,2,2|2|2|2|2,1.0,1.0,0.0,1.0,1.0
hyper_final,Q-DOC02-FACT-013,grade>=1,1,1|1|1|1|1,1.0,1.0,0.0,1.0,1.0
hyper_final,Q-DOC02-FACT-014,grade>=1,0,0|2|0|0|0,0.0,1.0,0.0,0.5,0.246302
hyper_final,Q-DOC02-FACT-015,grade>=1,1,1|2|2|2|2,1.0,1.0,0.0,1.0,0.773893
hyper_final,Q-DOC02-FACT-016,grade>=1,1,1|1|1|1|1,1.0,1.0,0.0,1.0,1.0
hyper_final,Q-DOC02-FACT-017,grade>=1,3,3|3|3|3|3,1.0,1.0,1.0,1.0,1.0
hyper_final,Q-DOC02-FACT-018,grade>=1,2,2|2|2|2|2,1.0,1.0,0.0,1.0,1.0
hyper_final,Q-DOC02-FACT-019,grade>=1,3,3|1|1|1|1,1.0,1.0,1.0,1.0,0.696629
hyper_final,Q-DOC02-FACT-020,grade>=1,0,0|0|0|1|0,0.0,1.0,0.0,0.25,0.146068
hyper_final,Q-DOC02-FACT-021,grade>=1,1,1|0|0|0|0,1.0,1.0,0.0,1.0,0.33916
hyper_final,Q-DOC02-FACT-022,grade>=1,1,1|1|1|1|1,1.0,1.0,0.0,1.0,1.0
hyper_final,Q-DOC02-FACT-023,grade>=1,1,1|1|1|0|1,1.0,1.0,0.0,1.0,0.196007
hyper_final,Q-DOC02-FACT-024,grade>=1,3,3|2|2|2|1,1.0,1.0,1.0,1.0,0.785451
hyper_final,Q-DOC02-FACT-025,grade>=1,1,1|1|2|1|0,1.0,1.0,0.0,1.0,0.71974
hyper_final,Q-DOC03-FACT-001,grade>=1,3,3|2|1|1|1,1.0,1.0,1.0,1.0,1.0
hyper_final,Q-DOC03-FACT-002,grade>=1,1,1|2|2|1|1,1.0,1.0,0.0,1.0,0.72262
hyper_final,Q-DOC03-FACT-003,grade>=1,1,1|1|1|1|1,1.0,1.0,0.0,1.0,1.0
hyper_final,Q-DOC03-FACT-004,grade>=1,1,1|1|1|1|1,1.0,1.0,0.0,1.0,1.0
hyper_final,Q-DOC03-FACT-005,grade>=1,2,2|2|2|2|2,1.0,1.0,0.0,1.0,1.0
hyper_final,Q-DOC03-FACT-006,grade>=1,2,2|2|1|0|0,1.0,1.0,0.0,1.0,1.0
hyper_final,Q-DOC03-FACT-007,grade>=1,1,1|2|2|1|1,1.0,1.0,0.0,1.0,0.838978
hyper_final,Q-DOC03-FACT-008,grade>=1,1,1|0|1|1|1,1.0,1.0,0.0,1.0,0.786014
hyper_final,Q-DOC03-FACT-009,grade>=1,1,1|1|1|1|1,1.0,1.0,0.0,1.0,0.365285
hyper_final,Q-DOC03-FACT-010,grade>=1,1,1|1|1|1|1,1.0,1.0,0.0,1.0,1.0
hyper_final,Q-DOC04-FACT-001,grade>=1,1,1|0|1|1|2,1.0,1.0,0.0,1.0,0.624686
hyper_final,Q-DOC04-FACT-002,grade>=1,0,0|0|0|0|0,0.0,0.0,0.0,0.125,0.0
hyper_final,Q-DOC04-FACT-003,grade>=1,1,1|1|2|1|0,1.0,1.0,0.0,1.0,0.71974
hyper_final,Q-DOC04-FACT-004,grade>=1,0,0|2|1|0|0,0.0,1.0,0.0,0.5,0.483542
hyper_final,Q-DOC04-FACT-005,grade>=1,0,0|0|2|2|1,0.0,1.0,0.0,0.333333,0.393832
hyper_final,Q-DOC04-FACT-006,grade>=1,1,1|1|0|0|1,1.0,1.0,0.0,1.0,0.787702
hyper_final,Q-DOC04-FACT-007,grade>=1,1,1|1|1|1|0,1.0,1.0,0.0,1.0,0.868795
hyper_final,Q-DOC04-FACT-008,grade>=1,1,1|1|2|1|0,1.0,1.0,0.0,1.0,0.441248
hyper_final,Q-DOC04-FACT-009,grade>=1,1,1|1|0|0|0,1.0,1.0,0.0,1.0,0.145485
hyper_final,Q-DOC04-FACT-010,grade>=1,0,0|0|0|2|0,0.0,1.0,0.0,0.25,0.202107
hyper_final,Q-DOC05-FACT-001,grade>=1,1,1|1|0|0|0,1.0,1.0,0.0,1.0,0.329583
hyper_final,Q-DOC05-FACT-002,grade>=1,1,1|1|0|0|0,1.0,1.0,0.0,1.0,0.329583
hyper_final,Q-DOC05-FACT-003,grade>=1,0,0|1|1|0|0,0.0,1.0,0.0,0.5,0.383566
hyper_final,Q-DOC05-FACT-004,grade>=1,1,1|1|1|1|1,1.0,1.0,0.0,1.0,0.408922
hyper_final,Q-DOC05-FACT-005,grade>=1,3,3|1|1|0|0,1.0,1.0,1.0,1.0,0.90864
hyper_final,Q-DOC05-FACT-006,grade>=1,1,1|1|1|2|1,1.0,1.0,0.0,1.0,0.613465
hyper_final,Q-DOC05-FACT-007,grade>=1,1,1|1|1|1|1,1.0,1.0,0.0,1.0,0.408922
hyper_final,Q-DOC05-FACT-008,grade>=1,1,1|1|1|1|0,1.0,1.0,0.0,1.0,0.412476
hyper_final,Q-DOC06-FACT-001,grade>=1,1,1|1|1|1|0,1.0,1.0,0.0,1.0,0.868795
hyper_final,Q-DOC06-FACT-002,grade>=1,1,1|1|1|1|0,1.0,1.0,0.0,1.0,0.35527
hyper_final,Q-DOC06-FACT-003,grade>=1,0,0|0|0|0|1,0.0,1.0,0.0,0.2,0.131205
hyper_final,Q-DOC06-FACT-004,grade>=1,0,0|0|0|0|0,0.0,0.0,0.0,0.1,0.0
hyper_final,Q-DOC06-FACT-005,grade>=1,1,1|1|1|1|1,1.0,1.0,0.0,1.0,0.595834
hyper_final,Q-DOC06-FACT-006,grade>=1,1,1|0|0|0|1,1.0,1.0,0.0,1.0,0.650821
hyper_final,Q-DOC06-FACT-007,grade>=1,0,0|0|0|0|0,0.0,0.0,0.0,0.125,0.0
hyper_final,Q-DOC06-FACT-008,grade>=1,1,1|1|1|1|0,1.0,1.0,0.0,1.0,0.412476
hyper_final,Q-DOC07-FACT-001,grade>=1,1,1|1|1|1|3,1.0,1.0,1.0,1.0,0.516103
hyper_final,Q-DOC07-FACT-002,grade>=1,1,1|1|1|1|1,1.0,1.0,0.0,1.0,0.329494
hyper_final,Q-DOC07-FACT-003,grade>=1,0,0|0|1|1|0,0.0,1.0,0.0,0.333333,0.14986
hyper_final,Q-DOC07-FACT-004,grade>=1,2,2|1|1|1|1,1.0,1.0,0.0,1.0,0.686302
hyper_final,Q-DOC07-FACT-005,grade>=1,0,0|0|0|2|0,0.0,1.0,0.0,0.25,0.208046
hyper_final,Q-DOC07-FACT-006,grade>=1,0,0|0|0|0|0,0.0,0.0,0.0,0.142857,0.0
hyper_final,Q-DOC07-FACT-007,grade>=1,0,0|1|0|0|2,0.0,1.0,0.0,0.5,0.362029
hyper_final,Q-DOC07-FACT-008,grade>=1,1,1|1|1|1|1,1.0,1.0,0.0,1.0,0.595834
hyper_final,Q-DOC07-FACT-009,grade>=1,1,1|0|0|0|2,1.0,1.0,0.0,1.0,0.436612
hyper_final,Q-DOC07-FACT-010,grade>=1,1,1|1|1|1|2,1.0,1.0,0.0,1.0,0.752187
hyper_final,Q-DOC07-FACT-011,grade>=1,1,1|1|2|2|1,1.0,1.0,0.0,1.0,0.667073
hyper_final,Q-DOC07-FACT-012,grade>=1,2,2|0|2|0|1,1.0,1.0,0.0,1.0,0.786892
hyper_final,Q-DOC08-FACT-001,grade>=1,1,1|1|1|2|1,1.0,1.0,0.0,1.0,0.769899
hyper_final,Q-DOC08-FACT-002,grade>=1,0,0|0|1|1|1,0.0,1.0,0.0,0.333333,0.26625
hyper_final,Q-DOC08-FACT-003,grade>=1,0,0|1|2|0|0,0.0,1.0,0.0,0.5,0.343127
hyper_final,Q-DOC08-FACT-004,grade>=1,0,0|1|2|0|0,0.0,1.0,0.0,0.5,0.343127
hyper_final,Q-DOC08-FACT-005,grade>=1,1,1|0|1|0|0,1.0,1.0,0.0,1.0,0.50874
hyper_final,Q-DOC08-FACT-006,grade>=1,0,0|1|0|0|0,0.0,1.0,0.0,0.5,0.213986
hyper_final,Q-DOC08-FACT-007,grade>=1,1,1|1|0|1|1,1.0,1.0,0.0,1.0,0.83042
hyper_final,Q-DOC08-FACT-008,grade>=1,1,1|2|1|1|1,1.0,1.0,0.0,1.0,0.677955
hyper_final,Q-DOC08-FACT-009,grade>=1,3,3|1|1|1|0,1.0,1.0,1.0,1.0,0.838525
hyper_final,Q-DOC08-FACT-010,grade>=1,0,0|2|0|1|1,0.0,1.0,0.0,0.5,0.54771
hyper_final,Q-DOC08-FACT-011,grade>=1,1,1|1|2|1|1,1.0,1.0,0.0,1.0,0.797917
hyper_final,Q-DOC08-FACT-012,grade>=1,0,0|0|0|0|0,0.0,0.0,0.0,0.125,0.0
hyper_final,Q-DOC09-FACT-001,grade>=1,3,3|1|2|2|2,1.0,1.0,1.0,1.0,0.753689
hyper_final,Q-DOC09-FACT-002,grade>=1,2,2|2|2|2|1,1.0,1.0,0.0,1.0,0.91253
hyper_final,Q-DOC09-FACT-003,grade>=1,1,1|1|1|0|0,1.0,1.0,0.0,1.0,0.722727
hyper_final,Q-DOC09-FACT-004,grade>=1,1,1|2|1|0|1,1.0,1.0,0.0,1.0,0.763802
hyper_final,Q-DOC09-FACT-005,grade>=1,3,3|2|1|1|1,1.0,1.0,1.0,1.0,0.845808
hyper_final,Q-DOC09-FACT-006,grade>=1,1,1|1|1|0|0,1.0,1.0,0.0,1.0,0.722727
hyper_final,Q-DOC09-FACT-007,grade>=1,1,1|3|1|0|1,1.0,1.0,1.0,1.0,0.495001
hyper_final,Q-DOC09-FACT-008,grade>=1,3,3|1|1|3|1,1.0,1.0,1.0,1.0,0.694923
hyper_final,Q-DOC09-FACT-009,grade>=1,1,1|1|2|1|1,1.0,1.0,0.0,1.0,0.797917
hyper_final,Q-DOC09-FACT-010,grade>=1,1,1|3|3|2|1,1.0,1.0,1.0,1.0,0.771469
hyper_final,Q-DOC09-FACT-011,grade>=1,1,1|0|1|1|0,1.0,1.0,0.0,1.0,0.654809
hyper_final,Q-DOC09-FACT-012,grade>=1,2,2|1|1|1|1,1.0,1.0,0.0,1.0,1.0
hyper_final,Q-DOC09-FACT-013,grade>=1,3,3|1|1|1|1,1.0,1.0,1.0,1.0,0.651553
hyper_final,Q-DOC09-FACT-014,grade>=1,2,2|3|1|1|1,1.0,1.0,1.0,1.0,0.635941
hyper_final,Q-DOC09-FACT-015,grade>=1,3,3|1|1|1|0,1.0,1.0,1.0,1.0,0.956769
hyper_final,Q-DOC10-FACT-001,grade>=1,1,1|1|1|1|1,1.0,1.0,0.0,1.0,0.595834
hyper_final,Q-DOC10-FACT-002,grade>=1,1,1|1|1|1|0,1.0,1.0,0.0,1.0,0.868795
hyper_final,Q-DOC10-FACT-003,grade>=1,1,1|1|1|1|0,1.0,1.0,0.0,1.0,0.868795
hyper_final,Q-DOC10-FACT-004,grade>=1,0,0|1|0|0|0,0.0,1.0,0.0,0.5,0.213986
hyper_final,Q-DOC10-FACT-005,grade>=1,1,1|1|1|1|1,1.0,1.0,0.0,1.0,0.595834
hyper_final,Q-DOC10-FACT-006,grade>=1,0,0|0|2|0|0,0.0,1.0,0.0,0.333333,0.328832
hyper_final,Q-DOC10-FACT-007,grade>=1,1,1|1|1|0|0,1.0,1.0,0.0,1.0,0.722727
hyper_final,Q-DOC10-FACT-008,grade>=1,3,3|0|0|0|0,1.0,1.0,1.0,1.0,0.817604
hyper_final,Q-DOC10-FACT-009,grade>=1,0,0|0|0|0|0,0.0,0.0,0.0,0.066667,0.0
hyper_final,Q-DOC10-FACT-010,grade>=1,0,0|0|1|0|1,0.0,1.0,0.0,0.333333,0.34621
hyper_final,Q-DOC10-FACT-011,grade>=1,3,3|0|2|2|0,1.0,1.0,1.0,1.0,0.7623
hyper_final,Q-DOC10-FACT-012,grade>=1,0,0|0|2|0|0,0.0,1.0,0.0,0.333333,0.328832
hyper_final,Q-DOC10-FACT-013,grade>=1,3,3|0|0|2|2,1.0,1.0,1.0,1.0,0.808963
hyper_final,Q-DOC10-FACT-014,grade>=1,0,0|0|0|0|2,0.0,1.0,0.0,0.2,0.386853
hyper_final,Q-DOC10-FACT-015,grade>=1,1,1|1|1|0|0,1.0,1.0,0.0,1.0,0.722727
hyper_final,Q-DOC03-FACT-011,grade>=1,0,0|0|0|1|0,0.0,1.0,0.0,0.25,0.087032
hyper_final,Q-DOC03-FACT-012,grade>=1,2,2|2|1|1|1,1.0,1.0,0.0,1.0,1.0
hyper_final,Q-DOC03-FACT-013,grade>=1,2,2|2|1|1|0,1.0,1.0,0.0,1.0,0.937708
hyper_final,Q-DOC03-FACT-014,grade>=1,1,1|1|1|1|1,1.0,1.0,0.0,1.0,0.595834
hyper_final,Q-DOC03-FACT-015,grade>=1,1,1|0|0|1|1,1.0,1.0,0.0,1.0,0.616434
hyper_final,Q-DOC04-FACT-011,grade>=1,0,0|1|1|1|1,0.0,1.0,0.0,0.5,0.66084
hyper_final,Q-DOC04-FACT-012,grade>=1,0,0|2|2|1|0,0.0,1.0,0.0,0.5,0.615663
hyper_final,Q-DOC04-FACT-013,grade>=1,1,1|1|2|1|1,1.0,1.0,0.0,1.0,0.489175
hyper_final,Q-DOC04-FACT-014,grade>=1,0,0|1|1|0|0,0.0,1.0,0.0,0.5,0.530721
hyper_final,Q-DOC04-FACT-015,grade>=1,1,1|2|0|1|1,1.0,1.0,0.0,1.0,0.749793
hyper_final,Q-DOC05-FACT-009,grade>=1,1,1|1|1|0|0,1.0,1.0,0.0,1.0,0.430625
hyper_final,Q-DOC05-FACT-010,grade>=1,0,0|1|0|0|1,0.0,1.0,0.0,0.5,0.345191
hyper_final,Q-DOC05-FACT-011,grade>=1,1,1|1|1|1|1,1.0,1.0,0.0,1.0,0.595834
hyper_final,Q-DOC05-FACT-012,grade>=1,2,2|1|1|0|0,1.0,1.0,0.0,1.0,0.834791
hyper_final,Q-DOC05-FACT-013,grade>=1,1,1|1|0|1|1,1.0,1.0,0.0,1.0,0.30334
hyper_final,Q-DOC06-FACT-009,grade>=1,1,1|1|0|0|0,1.0,1.0,0.0,1.0,0.636682
hyper_final,Q-DOC06-FACT-010,grade>=1,1,1|0|0|0|0,1.0,1.0,0.0,1.0,1.0
hyper_final,Q-DOC06-FACT-011,grade>=1,0,0|0|0|0|0,0.0,0.0,0.0,0.0,0.0
hyper_final,Q-DOC06-FACT-012,grade>=1,1,1|1|1|1|1,1.0,1.0,0.0,1.0,1.0
hyper_final,Q-DOC06-FACT-013,grade>=1,1,1|1|0|0|0,1.0,1.0,0.0,1.0,0.765361
hyper_final,Q-DOC07-FACT-013,grade>=1,1,1|0|0|0|0,1.0,1.0,0.0,1.0,1.0
hyper_final,Q-DOC07-FACT-014,grade>=1,0,0|0|0|0|0,0.0,0.0,0.0,0.052632,0.0
hyper_final,Q-DOC07-FACT-015,grade>=1,1,1|0|0|1|0,1.0,1.0,0.0,1.0,0.485229
hyper_final,Q-DOC07-FACT-016,grade>=1,1,1|1|1|0|0,1.0,1.0,0.0,1.0,0.722727
hyper_final,Q-DOC07-FACT-017,grade>=1,1,1|1|0|0|0,1.0,1.0,0.0,1.0,0.553146
hyper_final,Q-DOC08-FACT-013,grade>=1,0,0|2|1|0|0,0.0,1.0,0.0,0.5,0.579237
hyper_final,Q-DOC08-FACT-014,grade>=1,0,0|2|0|0|1,0.0,1.0,0.0,0.5,0.62784
hyper_final,Q-DOC08-FACT-015,grade>=1,0,0|0|0|0|0,0.0,0.0,0.0,0.0,0.0
hyper_final,Q-DOC08-FACT-016,grade>=1,0,0|0|0|0|0,0.0,0.0,0.0,0.166667,0.0
hyper_final,Q-DOC08-FACT-017,grade>=1,0,0|0|0|0|0,0.0,0.0,0.0,0.0,0.0
hyper_final,Q-DOC09-FACT-016,grade>=1,1,1|1|1|0|1,1.0,1.0,0.0,1.0,0.853932
hyper_final,Q-DOC09-FACT-017,grade>=1,1,1|1|1|1|1,1.0,1.0,0.0,1.0,1.0
hyper_final,Q-DOC09-FACT-018,grade>=1,0,0|1|1|1|1,0.0,1.0,0.0,0.5,0.66084
hyper_final,Q-DOC09-FACT-019,grade>=1,1,1|0|0|0|1,1.0,1.0,0.0,1.0,0.470365
hyper_final,Q-DOC09-FACT-020,grade>=1,1,1|1|1|1|0,1.0,1.0,0.0,1.0,0.868795
hyper_final,Q-DOC10-FACT-016,grade>=1,1,1|0|0|0|0,1.0,1.0,0.0,1.0,0.202083
hyper_final,Q-DOC10-FACT-017,grade>=1,2,2|0|1|1|0,1.0,1.0,0.0,1.0,0.794323
hyper_final,Q-DOC10-FACT-018,grade>=1,0,0|1|0|0|0,0.0,1.0,0.0,0.5,0.386853
hyper_final,Q-DOC10-FACT-019,grade>=1,0,0|0|0|0|0,0.0,0.0,0.0,0.058824,0.0
hyper_final,Q-DOC10-FACT-020,grade>=1,3,3|0|2|2|0,1.0,1.0,1.0,1.0,0.7623
naive_chunks,Q-DOC01-FACT-001,grade>=1,3,3|2|3|1|1,1.0,1.0,1.0,1.0,0.859538
naive_chunks,Q-DOC01-FACT-002,grade>=1,3,3|1|3|1|1,1.0,1.0,1.0,1.0,0.759402
naive_chunks,Q-DOC01-FACT-003,grade>=1,3,3|3|3|2|3,1.0,1.0,1.0,1.0,0.916532
naive_chunks,Q-DOC01-FACT-004,grade>=1,2,2|3|3|2|2,1.0,1.0,1.0,1.0,0.869869
naive_chunks,Q-DOC01-FACT-005,grade>=1,3,3|3|3|3|2,1.0,1.0,1.0,1.0,0.925026
naive_chunks,Q-DOC01-FACT-006,grade>=1,2,2|3|3|2|2,1.0,1.0,1.0,1.0,0.869869
naive_chunks,Q-DOC01-FACT-007,grade>=1,3,3|3|3|3|2,1.0,1.0,1.0,1.0,0.925026
naive_chunks,Q-DOC01-FACT-008,grade>=1,3,3|3|3|3|2,1.0,1.0,1.0,1.0,0.925026
naive_chunks,Q-DOC01-FACT-009,grade>=1,3,3|3|3|1|3,1.0,1.0,1.0,1.0,0.874799
naive_chunks,Q-DOC01-FACT-010,grade>=1,3,3|3|3|3|2,1.0,1.0,1.0,1.0,0.925026
naive_chunks,Q-DOC01-FACT-011,grade>=1,3,3|3|2|2|2,1.0,1.0,1.0,1.0,1.0
naive_chunks,Q-DOC01-FACT-012,grade>=1,3,3|3|3|1|3,1.0,1.0,1.0,1.0,0.874799
naive_chunks,Q-DOC01-FACT-013,grade>=1,3,3|3|2|0|0,1.0,1.0,1.0,1.0,0.625824
naive_chunks,Q-DOC01-FACT-014,grade>=1,3,3|3|3|3|3,1.0,1.0,1.0,1.0,1.0
naive_chunks,Q-DOC01-FACT-015,grade>=1,3,3|3|3|3|3,1.0,1.0,1.0,1.0,1.0
naive_chunks,Q-DOC01-FACT-016,grade>=1,1,1|3|2|0|0,1.0,1.0,1.0,1.0,0.677404
naive_chunks,Q-DOC01-FACT-017,grade>=1,3,3|3|3|3|3,1.0,1.0,1.0,1.0,1.0
naive_chunks,Q-DOC01-FACT-018,grade>=1,3,3|3|3|3|3,1.0,1.0,1.0,1.0,1.0
naive_chunks,Q-DOC01-FACT-019,grade>=1,3,3|3|3|1|1,1.0,1.0,1.0,1.0,0.824125
naive_chunks,Q-DOC01-FACT-020,grade>=1,3,3|3|1|1|1,1.0,1.0,1.0,1.0,0.809331
naive_chunks,Q-DOC01-FACT-021,grade>=1,3,3|3|3|1|3,1.0,1.0,1.0,1.0,0.874799
naive_chunks,Q-DOC01-FACT-022,grade>=1,3,3|2|3|2|2,1.0,1.0,1.0,1.0,0.965924
naive_chunks,Q-DOC01-FACT-023,grade>=1,3,3|2|3|0|0,1.0,1.0,1.0,1.0,0.806345
naive_chunks,Q-DOC01-FACT-024,grade>=1,3,3|2|1|1|1,1.0,1.0,1.0,1.0,1.0
naive_chunks,Q-DOC01-FACT-025,grade>=1,3,3|2|3|2|2,1.0,1.0,1.0,1.0,0.965924
naive_chunks,Q-DOC02-FACT-001,grade>=1,3,3|0|0|0|0,1.0,1.0,1.0,1.0,0.917319
naive_chunks,Q-DOC02-FACT-002,grade>=1,3,3|0|0|1|1,1.0,1.0,1.0,1.0,0.913091
naive_chunks,Q-DOC02-FACT-003,grade>=1,3,3|0|1|1|1,1.0,1.0,1.0,1.0,0.929493
naive_chunks,Q-DOC02-FACT-004,grade>=1,3,3|1|1|1|1,1.0,1.0,1.0,1.0,1.0
naive_chunks,Q-DOC02-FACT-005,grade>=1,3,3|1|2|2|2,1.0,1.0,1.0,1.0,0.901765
naive_chunks,Q-DOC02-FACT-006,grade>=1,2,2|1|1|1|2,1.0,1.0,0.0,1.0,0.793608
naive_chunks,Q-DOC02-FACT-007,grade>=1,3,3|2|2|1|2,1.0,1.0,1.0,1.0,0.932945
naive_chunks,Q-DOC02-FACT-008,grade>=1,3,3|2|2|2|1,1.0,1.0,1.0,1.0,0.939768
naive_chunks,Q-DOC02-FACT-009,grade>=1,2,2|0|0|0|0,1.0,1.0,0.0,1.0,1.0
naive_chunks,Q-DOC02-FACT-010,grade>=1,3,3|3|3|3|3,1.0,1.0,1.0,1.0,1.0
naive_chunks,Q-DOC02-FACT-011,grade>=1,2,2|0|0|0|1,1.0,1.0,0.0,1.0,0.932778
naive_chunks,Q-DOC02-FACT-012,grade>=1,2,2|0|0|0|0,1.0,1.0,0.0,1.0,1.0
naive_chunks,Q-DOC02-FACT-013,grade>=1,3,3|1|1|2|1,1.0,1.0,1.0,1.0,0.960774
naive_chunks,Q-DOC02-FACT-014,grade>=1,3,3|2|0|0|0,1.0,1.0,1.0,1.0,0.578615
naive_chunks,Q-DOC02-FACT-015,grade>=1,2,2|0|0|0|0,1.0,1.0,0.0,1.0,1.0
naive_chunks,Q-DOC02-FACT-016,grade>=1,2,2|0|0|0|0,1.0,1.0,0.0,1.0,1.0
naive_chunks,Q-DOC02-FACT-017,grade>=1,3,3|2|2|0|0,1.0,1.0,1.0,1.0,0.809068
naive_chunks,Q-DOC02-FACT-018,grade>=1,3,3|0|0|0|0,1.0,1.0,1.0,1.0,0.917319
naive_chunks,Q-DOC02-FACT-019,grade>=1,3,3|1|1|1|1,1.0,1.0,1.0,1.0,0.876413
naive_chunks,Q-DOC02-FACT-020,grade>=1,2,2|1|1|1|1,1.0,1.0,0.0,1.0,0.686302
naive_chunks,Q-DOC02-FACT-021,grade>=1,3,3|2|2|1|2,1.0,1.0,1.0,1.0,0.932945
naive_chunks,Q-DOC02-FACT-022,grade>=1,2,2|0|0|0|1,1.0,1.0,0.0,1.0,0.932778
naive_chunks,Q-DOC02-FACT-023,grade>=1,3,3|2|2|2|2,1.0,1.0,1.0,1.0,1.0
naive_chunks,Q-DOC02-FACT-024,grade>=1,3,3|1|1|1|1,1.0,1.0,1.0,1.0,1.0
naive_chunks,Q-DOC02-FACT-025,grade>=1,2,2|1|1|1|0,1.0,1.0,0.0,1.0,0.921824
naive_chunks,Q-DOC03-FACT-001,grade>=1,3,3|1|1|1|0,1.0,1.0,1.0,1.0,0.956769
naive_chunks,Q-DOC03-FACT-002,grade>=1,3,3|2|1|1|1,1.0,1.0,1.0,1.0,0.794863
naive_chunks,Q-DOC03-FACT-003,grade>=1,3,3|0|0|0|0,1.0,1.0,1.0,1.0,1.0
naive_chunks,Q-DOC03-FACT-004,grade>=1,3,3|1|0|0|1,1.0,1.0,1.0,1.0,0.936481
naive_chunks,Q-DOC03-FACT-005,grade>=1,3,3|2|2|2|1,1.0,1.0,1.0,1.0,0.939768
naive_chunks,Q-DOC03-FACT-006,grade>=1,3,3|1|1|1|0,1.0,1.0,1.0,1.0,0.956769
naive_chunks,Q-DOC03-FACT-007,grade>=1,3,3|1|1|1|1,1.0,1.0,1.0,1.0,0.876413
naive_chunks,Q-DOC03-FACT-008,grade>=1,3,3|1|1|1|1,1.0,1.0,1.0,1.0,1.0
naive_chunks,Q-DOC03-FACT-009,grade>=1,3,3|2|2|2|2,1.0,1.0,1.0,1.0,1.0
naive_chunks,Q-DOC03-FACT-010,grade>=1,2,2|1|1|1|0,1.0,1.0,0.0,1.0,1.0
naive_chunks,Q-DOC04-FACT-001,grade>=1,2,2|1|1|2|3,1.0,1.0,1.0,1.0,0.632985
naive_chunks,Q-DOC04-FACT-002,grade>=1,1,1|1|3|3|3,1.0,1.0,1.0,1.0,0.525874
naive_chunks,Q-DOC04-FACT-003,grade>=1,3,3|3|2|2|3,1.0,1.0,1.0,1.0,0.819629
naive_chunks,Q-DOC04-FACT-004,grade>=1,2,2|2|3|1|2,1.0,1.0,1.0,1.0,0.649617
naive_chunks,Q-DOC04-FACT-005,grade>=1,2,2|1|2|1|2,1.0,1.0,0.0,1.0,0.523314
naive_chunks,Q-DOC04-FACT-006,grade>=1,1,1|3|1|0|3,1.0,1.0,1.0,1.0,0.627964
naive_chunks,Q-DOC04-FACT-007,grade>=1,2,2|1|1|3|3,1.0,1.0,1.0,1.0,0.641133
naive_chunks,Q-DOC04-FACT-008,grade>=1,3,3|3|2|2|2,1.0,1.0,1.0,1.0,1.0
naive_chunks,Q-DOC04-FACT-009,grade>=1,3,3|3|3|3|1,1.0,1.0,1.0,1.0,0.887539
naive_chunks,Q-DOC04-FACT-010,grade>=1,2,2|2|0|0|2,1.0,1.0,0.0,1.0,0.684352
naive_chunks,Q-DOC05-FACT-001,grade>=1,3,3|3|3|3|2,1.0,1.0,1.0,1.0,0.925026
naive_chunks,Q-DOC05-FACT-002,grade>=1,3,3|3|3|2|2,1.0,1.0,1.0,1.0,0.909767
naive_chunks,Q-DOC05-FACT-003,grade>=1,3,3|3|3|2|2,1.0,1.0,1.0,1.0,0.841558
naive_chunks,Q-DOC05-FACT-004,grade>=1,3,3|3|3|3|3,1.0,1.0,1.0,1.0,1.0
naive_chunks,Q-DOC05-FACT-005,grade>=1,3,3|3|3|2|3,1.0,1.0,1.0,1.0,0.916532
naive_chunks,Q-DOC05-FACT-006,grade>=1,3,3|3|3|3|3,1.0,1.0,1.0,1.0,1.0
naive_chunks,Q-DOC05-FACT-007,grade>=1,3,3|3|3|2|3,1.0,1.0,1.0,1.0,0.916532
naive_chunks,Q-DOC05-FACT-008,grade>=1,3,3|3|3|3|3,1.0,1.0,1.0,1.0,1.0
naive_chunks,Q-DOC06-FACT-001,grade>=1,3,3|1|2|1|1,1.0,1.0,1.0,1.0,0.974353
naive_chunks,Q-DOC06-FACT-002,grade>=1,3,3|3|1|1|1,1.0,1.0,1.0,1.0,1.0
naive_chunks,Q-DOC06-FACT-003,grade>=1,3,3|3|1|1|1,1.0,1.0,1.0,1.0,1.0
naive_chunks,Q-DOC06-FACT-004,grade>=1,3,3|2|1|1|1,1.0,1.0,1.0,1.0,1.0
naive_chunks,Q-DOC06-FACT-005,grade>=1,3,3|1|1|1|3,1.0,1.0,1.0,1.0,0.884996
naive_chunks,Q-DOC06-FACT-006,grade>=1,3,3|3|0|1|0,1.0,1.0,1.0,1.0,0.959505
naive_chunks,Q-DOC06-FACT-007,grade>=1,3,3|3|0|0|0,1.0,1.0,1.0,1.0,1.0
naive_chunks,Q-DOC06-FACT-008,grade>=1,3,3|3|1|1|1,1.0,1.0,1.0,1.0,1.0
naive_chunks,Q-DOC07-FACT-001,grade>=1,3,3|2|1|1|2,1.0,1.0,1.0,1.0,0.979814
naive_chunks,Q-DOC07-FACT-002,grade>=1,3,3|1|1|1|1,1.0,1.0,1.0,1.0,0.876413
naive_chunks,Q-DOC07-FACT-003,grade>=1,3,3|1|1|1|1,1.0,1.0,1.0,1.0,1.0
naive_chunks,Q-DOC07-FACT-004,grade>=1,3,3|2|1|2|2,1.0,1.0,1.0,1.0,0.922151
naive_chunks,Q-DOC07-FACT-005,grade>=1,3,3|1|2|1|1,1.0,1.0,1.0,1.0,0.887438
naive_chunks,Q-DOC07-FACT-006,grade>=1,3,3|1|1|2|1,1.0,1.0,1.0,1.0,0.87507
naive_chunks,Q-DOC07-FACT-007,grade>=1,3,3|1|2|1|1,1.0,1.0,1.0,1.0,0.974353
naive_chunks,Q-DOC07-FACT-008,grade>=1,3,3|1|1|1|1,1.0,1.0,1.0,1.0,1.0
naive_chunks,Q-DOC07-FACT-009,grade>=1,3,3|2|0|1|1,1.0,1.0,1.0,1.0,0.95103
naive_chunks,Q-DOC07-FACT-010,grade>=1,3,3|2|1|1|2,1.0,1.0,1.0,1.0,0.979814
naive_chunks,Q-DOC07-FACT-011,grade>=1,2,2|1|1|0|1,1.0,1.0,0.0,1.0,0.912968
naive_chunks,Q-DOC07-FACT-012,grade>=1,3,3|1|2|1|0,1.0,1.0,1.0,1.0,0.852929
naive_chunks,Q-DOC08-FACT-001,grade>=1,3,3|2|2|1|1,1.0,1.0,1.0,1.0,1.0
naive_chunks,Q-DOC08-FACT-002,grade>=1,3,3|2|1|1|1,1.0,1.0,1.0,1.0,1.0
naive_chunks,Q-DOC08-FACT-003,grade>=1,3,3|1|1|1|1,1.0,1.0,1.0,1.0,1.0
naive_chunks,Q-DOC08-FACT-004,grade>=1,3,3|1|1|1|2,1.0,1.0,1.0,1.0,0.95219
naive_chunks,Q-DOC08-FACT-005,grade>=1,3,3|1|1|1|1,1.0,1.0,1.0,1.0,0.876413
naive_chunks,Q-DOC08-FACT-006,grade>=1,3,3|1|1|1|1,1.0,1.0,1.0,1.0,1.0
naive_chunks,Q-DOC08-FACT-007,grade>=1,3,3|1|1|2|1,1.0,1.0,1.0,1.0,0.960774
naive_chunks,Q-DOC08-FACT-008,grade>=1,3,3|1|0|1|1,1.0,1.0,1.0,1.0,0.944124
naive_chunks,Q-DOC08-FACT-009,grade>=1,3,3|1|1|1|2,1.0,1.0,1.0,1.0,0.80537
naive_chunks,Q-DOC08-FACT-010,grade>=1,3,3|1|1|1|1,1.0,1.0,1.0,1.0,1.0
naive_chunks,Q-DOC08-FACT-011,grade>=1,3,3|1|1|2|1,1.0,1.0,1.0,1.0,0.960774
naive_chunks,Q-DOC08-FACT-012,grade>=1,3,3|1|0|0|0,1.0,1.0,1.0,1.0,1.0
naive_chunks,Q-DOC09-FACT-001,grade>=1,2,2|3|3|3|2,1.0,1.0,1.0,1.0,0.868888
naive_chunks,Q-DOC09-FACT-002,grade>=1,2,2|3|1|3|3,1.0,1.0,1.0,1.0,0.714402
naive_chunks,Q-DOC09-FACT-003,grade>=1,3,3|3|2|2|1,1.0,1.0,1.0,1.0,0.949658
naive_chunks,Q-DOC09-FACT-004,grade>=1,2,2|2|2|1|2,1.0,1.0,0.0,1.0,0.989141
naive_chunks,Q-DOC09-FACT-005,grade>=1,3,3|2|3|2|2,1.0,1.0,1.0,1.0,0.965924
naive_chunks,Q-DOC09-FACT-006,grade>=1,2,2|2|1|1|1,1.0,1.0,0.0,1.0,1.0
naive_chunks,Q-DOC09-FACT-007,grade>=1,1,1|3|1|1|2,1.0,1.0,1.0,1.0,0.735309
naive_chunks,Q-DOC09-FACT-008,grade>=1,2,2|2|1|3|3,1.0,1.0,1.0,1.0,0.761576
naive_chunks,Q-DOC09-FACT-009,grade>=1,3,3|1|3|1|1,1.0,1.0,1.0,1.0,0.938309
naive_chunks,Q-DOC09-FACT-010,grade>=1,3,3|3|2|3|2,1.0,1.0,1.0,1.0,0.984035
naive_chunks,Q-DOC09-FACT-011,grade>=1,2,2|3|2|1|1,1.0,1.0,1.0,1.0,0.868311
naive_chunks,Q-DOC09-FACT-012,grade>=1,2,2|3|2|1|1,1.0,1.0,1.0,1.0,0.868311
naive_chunks,Q-DOC09-FACT-013,grade>=1,1,1|1|3|2|1,1.0,1.0,1.0,1.0,0.666954
naive_chunks,Q-DOC09-FACT-014,grade>=1,3,3|1|1|1|1,1.0,1.0,1.0,1.0,1.0
naive_chunks,Q-DOC09-FACT-015,grade>=1,3,3|2|2|2|1,1.0,1.0,1.0,1.0,0.939768
naive_chunks,Q-DOC10-FACT-001,grade>=1,3,3|2|3|3|3,1.0,1.0,1.0,1.0,0.877722
naive_chunks,Q-DOC10-FACT-002,grade>=1,3,3|3|1|1|1,1.0,1.0,1.0,1.0,1.0
naive_chunks,Q-DOC10-FACT-003,grade>=1,2,2|2|1|1|1,1.0,1.0,0.0,1.0,1.0
naive_chunks,Q-DOC10-FACT-004,grade>=1,3,3|2|1|3|2,1.0,1.0,1.0,1.0,0.710676
naive_chunks,Q-DOC10-FACT-005,grade>=1,3,3|1|3|1|1,1.0,1.0,1.0,1.0,0.938309
naive_chunks,Q-DOC10-FACT-006,grade>=1,3,3|1|1|1|3,1.0,1.0,1.0,1.0,0.884996
naive_chunks,Q-DOC10-FACT-007,grade>=1,3,3|3|2|2|3,1.0,1.0,1.0,1.0,0.819629
naive_chunks,Q-DOC10-FACT-008,grade>=1,3,3|3|2|2|2,1.0,1.0,1.0,1.0,1.0
naive_chunks,Q-DOC10-FACT-009,grade>=1,3,3|3|1|1|1,1.0,1.0,1.0,1.0,1.0
naive_chunks,Q-DOC10-FACT-010,grade>=1,3,3|2|1|1|0,1.0,1.0,1.0,1.0,0.962112
naive_chunks,Q-DOC10-FACT-011,grade>=1,3,3|3|3|3|3,1.0,1.0,1.0,1.0,1.0
naive_chunks,Q-DOC10-FACT-012,grade>=1,3,3|2|1|3|0,1.0,1.0,1.0,1.0,0.850099
naive_chunks,Q-DOC10-FACT-013,grade>=1,3,3|3|3|3|3,1.0,1.0,1.0,1.0,1.0
naive_chunks,Q-DOC10-FACT-014,grade>=1,3,3|0|1|0|1,1.0,1.0,1.0,1.0,0.969982
naive_chunks,Q-DOC10-FACT-015,grade>=1,3,3|2|2|3|1,1.0,1.0,1.0,1.0,0.89754
naive_chunks,Q-DOC03-FACT-011,grade>=1,3,3|1|2|2|1,1.0,1.0,1.0,1.0,0.841533
naive_chunks,Q-DOC03-FACT-012,grade>=1,3,3|1|1|1|1,1.0,1.0,1.0,1.0,1.0
naive_chunks,Q-DOC03-FACT-013,grade>=1,3,3|1|1|1|0,1.0,1.0,1.0,1.0,0.956769
naive_chunks,Q-DOC03-FACT-014,grade>=1,3,3|2|2|2|1,1.0,1.0,1.0,1.0,0.939768
naive_chunks,Q-DOC03-FACT-015,grade>=1,3,3|1|1|1|1,1.0,1.0,1.0,1.0,1.0
naive_chunks,Q-DOC04-FACT-011,grade>=1,2,2|1|1|2|3,1.0,1.0,1.0,1.0,0.632985
naive_chunks,Q-DOC04-FACT-012,grade>=1,3,3|3|2|2|1,1.0,1.0,1.0,1.0,0.949658
naive_chunks,Q-DOC04-FACT-013,grade>=1,3,3|3|2|3|1,1.0,1.0,1.0,1.0,0.93949
naive_chunks,Q-DOC04-FACT-014,grade>=1,3,3|1|0|1|2,1.0,1.0,1.0,1.0,0.671482
naive_chunks,Q-DOC04-FACT-015,grade>=1,2,2|2|2|1|3,1.0,1.0,1.0,1.0,0.620169
naive_chunks,Q-DOC05-FACT-009,grade>=1,3,3|3|3|3|2,1.0,1.0,1.0,1.0,0.925026
naive_chunks,Q-DOC05-FACT-010,grade>=1,3,3|3|3|2|2,1.0,1.0,1.0,1.0,0.841558
naive_chunks,Q-DOC05-FACT-011,grade>=1,3,3|3|3|3|2,1.0,1.0,1.0,1.0,0.925026
naive_chunks,Q-DOC05-FACT-012,grade>=1,3,3|3|2|3|3,1.0,1.0,1.0,1.0,0.903097
naive_chunks,Q-DOC05-FACT-013,grade>=1,3,3|3|2|2|3,1.0,1.0,1.0,1.0,0.973943
naive_chunks,Q-DOC06-FACT-009,grade>=1,3,3|2|1|1|1,1.0,1.0,1.0,1.0,1.0
naive_chunks,Q-DOC06-FACT-010,grade>=1,2,2|0|1|1|0,1.0,1.0,0.0,1.0,0.794323
naive_chunks,Q-DOC06-FACT-011,grade>=1,3,3|1|0|0|0,1.0,1.0,1.0,1.0,0.938506
naive_chunks,Q-DOC06-FACT-012,grade>=1,3,3|3|1|1|1,1.0,1.0,1.0,1.0,1.0
naive_chunks,Q-DOC06-FACT-013,grade>=1,2,2|2|0|0|0,1.0,1.0,0.0,1.0,1.0
naive_chunks,Q-DOC07-FACT-013,grade>=1,3,3|1|1|0|1,1.0,1.0,1.0,1.0,0.951871
naive_chunks,Q-DOC07-FACT-014,grade>=1,2,2|1|0|1|0,1.0,1.0,0.0,1.0,0.983218
naive_chunks,Q-DOC07-FACT-015,grade>=1,2,2|1|1|1|1,1.0,1.0,0.0,1.0,1.0
naive_chunks,Q-DOC07-FACT-016,grade>=1,3,3|1|1|0|1,1.0,1.0,1.0,1.0,0.951871
naive_chunks,Q-DOC07-FACT-017,grade>=1,3,3|2|2|1|2,1.0,1.0,1.0,1.0,0.992739
naive_chunks,Q-DOC08-FACT-013,grade>=1,3,3|1|1|1|1,1.0,1.0,1.0,1.0,1.0
naive_chunks,Q-DOC08-FACT-014,grade>=1,3,3|1|1|1|1,1.0,1.0,1.0,1.0,1.0
naive_chunks,Q-DOC08-FACT-015,grade>=1,2,2|1|1|0|1,1.0,1.0,0.0,1.0,0.912968
naive_chunks,Q-DOC08-FACT-016,grade>=1,2,2|1|1|1|1,1.0,1.0,0.0,1.0,1.0
naive_chunks,Q-DOC08-FACT-017,grade>=1,1,1|1|0|0|1,1.0,1.0,0.0,1.0,0.684352
naive_chunks,Q-DOC09-FACT-016,grade>=1,2,2|2|1|2|2,1.0,1.0,0.0,1.0,0.971964
naive_chunks,Q-DOC09-FACT-017,grade>=1,3,3|3|1|1|1,1.0,1.0,1.0,1.0,1.0
naive_chunks,Q-DOC09-FACT-018,grade>=1,2,2|2|1|1|1,1.0,1.0,0.0,1.0,1.0
naive_chunks,Q-DOC09-FACT-019,grade>=1,2,2|1|0|1|1,1.0,1.0,0.0,1.0,0.898958
naive_chunks,Q-DOC09-FACT-020,grade>=1,2,2|2|1|1|1,1.0,1.0,0.0,1.0,1.0
naive_chunks,Q-DOC10-FACT-016,grade>=1,2,2|3|3|2|1,1.0,1.0,1.0,1.0,0.819527
naive_chunks,Q-DOC10-FACT-017,grade>=1,1,1|2|2|1|0,1.0,1.0,0.0,1.0,0.776686
naive_chunks,Q-DOC10-FACT-018,grade>=1,1,1|2|2|1|1,1.0,1.0,0.0,1.0,0.838978
naive_chunks,Q-DOC10-FACT-019,grade>=1,3,3|1|1|1|0,1.0,1.0,1.0,1.0,0.67234
naive_chunks,Q-DOC10-FACT-020,grade>=1,2,2|2|3|0|3,1.0,1.0,1.0,1.0,0.722278
final_no_rerank,Q-DOC01-FACT-001,grade>=2,1,1|1|1|1|1,0.0,0.0,0.0,0.166667,0.0
final_no_rerank,Q-DOC01-FACT-002,grade>=2,1,1|1|2|3|1,0.0,1.0,1.0,0.333333,0.507685
final_no_rerank,Q-DOC01-FACT-003,grade>=2,1,1|2|1|2|2,0.0,1.0,0.0,0.5,0.56545
final_no_rerank,Q-DOC01-FACT-004,grade>=2,0,0|2|1|1|1,0.0,1.0,0.0,0.5,0.63093
final_no_rerank,Q-DOC01-FACT-005,grade>=2,1,1|2|1|1|1,0.0,1.0,0.0,0.5,0.386853
final_no_rerank,Q-DOC01-FACT-006,grade>=2,2,2|1|1|1|0,1.0,1.0,0.0,1.0,1.0
final_no_rerank,Q-DOC01-FACT-007,grade>=2,3,3|2|2|3|1,1.0,1.0,1.0,1.0,0.872369
final_no_rerank,Q-DOC01-FACT-008,grade>=2,0,0|0|0|0|0,0.0,0.0,0.0,0.125,0.0
final_no_rerank,Q-DOC01-FACT-009,grade>=2,0,0|0|0|0|2,0.0,1.0,0.0,0.2,0.131205
final_no_rerank,Q-DOC01-FACT-010,grade>=2,1,1|2|1|2|2,0.0,1.0,0.0,0.5,0.49126
final_no_rerank,Q-DOC01-FACT-011,grade>=2,2,2|1|1|1|1,1.0,1.0,0.0,1.0,0.39038
final_no_rerank,Q-DOC01-FACT-012,grade>=2,1,1|1|1|2|0,0.0,1.0,0.0,0.25,0.146068
final_no_rerank,Q-DOC01-FACT-013,grade>=2,0,0|0|0|0|0,0.0,0.0,0.0,0.111111,0.0
final_no_rerank,Q-DOC01-FACT-014,grade>=2,3,3|2|1|1|1,1.0,1.0,1.0,1.0,0.855669
final_no_rerank,Q-DOC01-FACT-015,grade>=2,3,3|1|2|2|2,1.0,1.0,1.0,1.0,0.852648
final_no_rerank,Q-DOC01-FACT-016,grade>=2,1,1|1|1|1|0,0.0,0.0,0.0,0.0,0.0
final_no_rerank,Q-DOC01-FACT-017,grade>=2,2,2|3|3|2|2,1.0,1.0,1.0,1.0,0.869869
final_no_rerank,Q-DOC01-FACT-018,grade>=2,3,3|2|3|2|2,1.0,1.0,1.0,1.0,0.965924
final_no_rerank,Q-DOC01-FACT-019,grade>=2,3,3|3|2|2|2,1.0,1.0,1.0,1.0,1.0
final_no_rerank,Q-DOC01-FACT-020,grade>=2,3,3|2|2|2|3,1.0,1.0,1.0,1.0,0.828643
final_no_rerank,Q-DOC01-FACT-021,grade>=2,1,1|1|1|1|1,0.0,0.0,0.0,0.0,0.0
final_no_rerank,Q-DOC01-FACT-022,grade>=2,1,1|0|0|0|1,0.0,0.0,0.0,0.125,0.0
final_no_rerank,Q-DOC01-FACT-023,grade>=2,2,2|1|2|2|2,1.0,1.0,0.0,1.0,0.786014
final_no_rerank,Q-DOC01-FACT-024,grade>=2,1,1|1|1|1|0,0.0,0.0,0.0,0.0,0.0
final_no_rerank,Q-DOC01-FACT-025,grade>=2,1,1|1|2|0|1,0.0,1.0,0.0,0.333333,0.306574
final_no_rerank,Q-DOC02-FACT-001,grade>=2,1,1|2|1|1|2,0.0,1.0,0.0,0.5,0.345191
final_no_rerank,Q-DOC02-FACT-002,grade>=2,1,1|2|2|1|1,0.0,1.0,0.0,0.5,0.441492
final_no_rerank,Q-DOC02-FACT-003,grade>=2,3,3|3|3|3|3,1.0,1.0,1.0,1.0,1.0
final_no_rerank,Q-DOC02-FACT-004,grade>=2,1,1|1|2|1|1,0.0,1.0,0.0,0.333333,0.306574
final_no_rerank,Q-DOC02-FACT-005,grade>=2,1,1|1|1|1|2,0.0,1.0,0.0,0.2,0.386853
final_no_rerank,Q-DOC02-FACT-006,grade>=2,1,1|1|1|1|0,0.0,0.0,0.0,0.0,0.0
final_no_rerank,Q-DOC02-FACT-007,grade>=2,2,2|2|1|1|1,1.0,1.0,0.0,1.0,0.765361
final_no_rerank,Q-DOC02-FACT-008,grade>=2,3,3|2|2|2|1,1.0,1.0,1.0,1.0,0.909652
final_no_rerank,Q-DOC02-FACT-009,grade>=2,2,2|2|2|2|2,1.0,1.0,0.0,1.0,1.0
final_no_rerank,Q-DOC02-FACT-010,grade>=2,0,0|0|0|0|0,0.0,0.0,0.0,0.090909,0.0
final_no_rerank,Q-DOC02-FACT-011,grade>=2,1,1|1|1|1|0,0.0,0.0,0.0,0.0,0.0
final_no_rerank,Q-DOC02-FACT-012,grade>=2,2,2|2|2|2|2,1.0,1.0,0.0,1.0,1.0
final_no_rerank,Q-DOC02-FACT-013,grade>=2,1,1|1|1|1|1,0.0,0.0,0.0,0.0,0.0
final_no_rerank,Q-DOC02-FACT-014,grade>=2,2,2|0|0|0|0,1.0,1.0,0.0,1.0,0.33916
final_no_rerank,Q-DOC02-FACT-015,grade>=2,1,1|2|2|2|2,0.0,1.0,0.0,0.5,0.66084
final_no_rerank,Q-DOC02-FACT-016,grade>=2,1,1|1|1|1|1,0.0,0.0,0.0,0.0,0.0
final_no_rerank,Q-DOC02-FACT-017,grade>=2,3,3|3|3|3|3,1.0,1.0,1.0,1.0,1.0
final_no_rerank,Q-DOC02-FACT-018,grade>=2,2,2|2|2|2|2,1.0,1.0,0.0,1.0,0.688604
final_no_rerank,Q-DOC02-FACT-019,grade>=2,3,3|2|2|1|1,1.0,1.0,1.0,1.0,0.809068
final_no_rerank,Q-DOC02-FACT-020,grade>=2,0,0|0|0|0|0,0.0,0.0,0.0,0.0,0.0
final_no_rerank,Q-DOC02-FACT-021,grade>=2,1,1|1|1|0|1,0.0,0.0,0.0,0.0,0.0
final_no_rerank,Q-DOC02-FACT-022,grade>=2,1,1|1|1|1|1,0.0,0.0,0.0,0.0,0.0
final_no_rerank,Q-DOC02-FACT-023,grade>=2,2,2|2|2|3|1,1.0,1.0,1.0,1.0,0.732367
final_no_rerank,Q-DOC02-FACT-024,grade>=2,3,3|1|3|1|1,1.0,1.0,1.0,1.0,0.683189
final_no_rerank,Q-DOC02-FACT-025,grade>=2,1,1|1|2|1|0,0.0,1.0,0.0,0.333333,0.5
final_no_rerank,Q-DOC03-FACT-001,grade>=2,3,3|2|1|1|1,1.0,1.0,1.0,1.0,1.0
final_no_rerank,Q-DOC03-FACT-002,grade>=2,2,2|2|2|1|1,1.0,1.0,0.0,1.0,1.0
final_no_rerank,Q-DOC03-FACT-003,grade>=2,1,1|1|1|1|1,0.0,0.0,0.0,0.0,0.0
final_no_rerank,Q-DOC03-FACT-004,grade>=2,1,1|1|1|1|1,0.0,0.0,0.0,0.0,0.0
final_no_rerank,Q-DOC03-FACT-005,grade>=2,2,2|2|2|2|2,1.0,1.0,0.0,1.0,1.0
final_no_rerank,Q-DOC03-FACT-006,grade>=2,2,2|2|1|0|0,1.0,1.0,0.0,1.0,1.0
final_no_rerank,Q-DOC03-FACT-007,grade>=2,2,2|2|1|1|1,1.0,1.0,0.0,1.0,1.0
final_no_rerank,Q-DOC03-FACT-008,grade>=2,1,1|0|1|1|1,0.0,0.0,0.0,0.0,0.0
final_no_rerank,Q-DOC03-FACT-009,grade>=2,2,2|2|2|2|1,1.0,1.0,0.0,1.0,1.0
final_no_rerank,Q-DOC03-FACT-010,grade>=2,1,1|1|1|1|1,0.0,0.0,0.0,0.0,0.0
final_no_rerank,Q-DOC04-FACT-001,grade>=2,1,1|1|2|0|1,0.0,1.0,0.0,0.333333,0.5
final_no_rerank,Q-DOC04-FACT-002,grade>=2,0,0|0|0|0|0,0.0,0.0,0.0,0.0,0.0
final_no_rerank,Q-DOC04-FACT-003,grade>=2,2,2|1|1|1|1,1.0,1.0,0.0,1.0,1.0
final_no_rerank,Q-DOC04-FACT-004,grade>=2,2,2|1|0|0|0,1.0,1.0,0.0,1.0,1.0
final_no_rerank,Q-DOC04-FACT-005,grade>=2,2,2|2|2|0|1,1.0,1.0,0.0,1.0,0.831872
final_no_rerank,Q-DOC04-FACT-006,grade>=2,1,1|1|0|0|1,0.0,0.0,0.0,0.0,0.0
final_no_rerank,Q-DOC04-FACT-007,grade>=2,1,1|1|1|1|1,0.0,0.0,0.0,0.0,0.0
final_no_rerank,Q-DOC04-FACT-008,grade>=2,1,1|1|2|1|0,0.0,1.0,0.0,0.333333,0.19519
final_no_rerank,Q-DOC04-FACT-009,grade>=2,3,3|2|2|1|1,1.0,1.0,1.0,1.0,1.0
final_no_rerank,Q-DOC04-FACT-010,grade>=2,0,0|2|0|0|2,0.0,1.0,0.0,0.5,0.397322
final_no_rerank,Q-DOC05-FACT-001,grade>=2,1,1|1|0|0|1,0.0,0.0,0.0,0.142857,0.0
final_no_rerank,Q-DOC05-FACT-002,grade>=2,1,1|1|1|2|1,0.0,1.0,0.0,0.25,0.430677
final_no_rerank,Q-DOC05-FACT-003,grade>=2,1,1|0|1|1|0,0.0,0.0,0.0,0.0,0.0
final_no_rerank,Q-DOC05-FACT-004,grade>=2,1,1|1|1|1|1,0.0,0.0,0.0,0.142857,0.0
final_no_rerank,Q-DOC05-FACT-005,grade>=2,1,1|3|1|1|1,0.0,1.0,1.0,0.5,0.63093
final_no_rerank,Q-DOC05-FACT-006,grade>=2,1,1|1|1|1|2,0.0,1.0,0.0,0.2,0.08168
final_no_rerank,Q-DOC05-FACT-007,grade>=2,1,1|2|2|1|1,0.0,1.0,0.0,0.5,0.530721
final_no_rerank,Q-DOC05-FACT-008,grade>=2,1,1|1|1|1|1,0.0,0.0,0.0,0.125,0.0
final_no_rerank,Q-DOC06-FACT-001,grade>=2,1,1|1|1|1|0,0.0,0.0,0.0,0.0,0.0
final_no_rerank,Q-DOC06-FACT-002,grade>=2,1,1|1|1|1|2,0.0,1.0,0.0,0.2,0.181542
final_no_rerank,Q-DOC06-FACT-003,grade>=2,0,0|0|1|0|0,0.0,0.0,0.0,0.0,0.0
final_no_rerank,Q-DOC06-FACT-004,grade>=2,0,0|0|1|1|0,0.0,0.0,0.0,0.0,0.0
final_no_rerank,Q-DOC06-FACT-005,grade>=2,1,1|1|1|1|0,0.0,0.0,0.0,0.090909,0.0
final_no_rerank,Q-DOC06-FACT-006,grade>=2,1,1|0|0|1|0,0.0,0.0,0.0,0.0,0.0
final_no_rerank,Q-DOC06-FACT-007,grade>=2,0,0|0|0|0|0,0.0,0.0,0.0,0.0,0.0
final_no_rerank,Q-DOC06-FACT-008,grade>=2,1,1|1|1|1|0,0.0,0.0,0.0,0.166667,0.0
final_no_rerank,Q-DOC07-FACT-001,grade>=2,3,3|1|1|1|1,1.0,1.0,1.0,1.0,1.0
final_no_rerank,Q-DOC07-FACT-002,grade>=2,3,3|1|1|1|1,1.0,1.0,1.0,1.0,1.0
final_no_rerank,Q-DOC07-FACT-003,grade>=2,2,2|1|0|0|1,1.0,1.0,0.0,1.0,0.613147
final_no_rerank,Q-DOC07-FACT-004,grade>=2,2,2|2|1|1|1,1.0,1.0,0.0,1.0,1.0
final_no_rerank,Q-DOC07-FACT-005,grade>=2,2,2|0|2|0|0,1.0,1.0,0.0,1.0,0.919721
final_no_rerank,Q-DOC07-FACT-006,grade>=2,2,2|0|0|0|0,1.0,1.0,0.0,1.0,1.0
final_no_rerank,Q-DOC07-FACT-007,grade>=2,2,2|0|1|0|0,1.0,1.0,0.0,1.0,1.0
final_no_rerank,Q-DOC07-FACT-008,grade>=2,2,2|1|1|1|0,1.0,1.0,0.0,1.0,1.0
final_no_rerank,Q-DOC07-FACT-009,grade>=2,2,2|1|0|1|0,1.0,1.0,0.0,1.0,1.0
final_no_rerank,Q-DOC07-FACT-010,grade>=2,2,2|1|1|1|1,1.0,1.0,0.0,1.0,1.0
final_no_rerank,Q-DOC07-FACT-011,grade>=2,1,1|1|2|2|1,0.0,1.0,0.0,0.333333,0.436747
final_no_rerank,Q-DOC07-FACT-012,grade>=2,2,2|0|2|0|1,1.0,1.0,0.0,1.0,0.919721
final_no_rerank,Q-DOC08-FACT-001,grade>=2,1,1|1|1|2|1,0.0,1.0,0.0,0.25,0.430677
final_no_rerank,Q-DOC08-FACT-002,grade>=2,0,0|0|1|1|0,0.0,0.0,0.0,0.0,0.0
final_no_rerank,Q-DOC08-FACT-003,grade>=2,1,1|2|0|1|0,0.0,1.0,0.0,0.5,0.386853
final_no_rerank,Q-DOC08-FACT-004,grade>=2,1,1|0|2|0|0,0.0,1.0,0.0,0.333333,0.306574
final_no_rerank,Q-DOC08-FACT-005,grade>=2,1,1|1|1|1|0,0.0,0.0,0.0,0.0,0.0
final_no_rerank,Q-DOC08-FACT-006,grade>=2,1,1|0|1|0|0,0.0,0.0,0.0,0.0,0.0
final_no_rerank,Q-DOC08-FACT-007,grade>=2,1,1|1|1|0|1,0.0,0.0,0.0,0.0,0.0
final_no_rerank,Q-DOC08-FACT-008,grade>=2,1,1|2|1|1|1,0.0,1.0,0.0,0.5,0.386853
final_no_rerank,Q-DOC08-FACT-009,grade>=2,3,3|1|1|1|0,1.0,1.0,1.0,1.0,0.787155
final_no_rerank,Q-DOC08-FACT-010,grade>=2,2,2|0|1|1|0,1.0,1.0,0.0,1.0,1.0
final_no_rerank,Q-DOC08-FACT-011,grade>=2,1,1|1|1|1|1,0.0,0.0,0.0,0.111111,0.0
final_no_rerank,Q-DOC08-FACT-012,grade>=2,0,0|0|0|0|0,0.0,0.0,0.0,0.0,0.0
final_no_rerank,Q-DOC09-FACT-001,grade>=2,3,3|2|2|2|1,1.0,1.0,1.0,1.0,0.76028
final_no_rerank,Q-DOC09-FACT-002,grade>=2,2,2|2|2|1|2,1.0,1.0,0.0,1.0,0.853932
final_no_rerank,Q-DOC09-FACT-003,grade>=2,1,1|1|1|1|1,0.0,0.0,0.0,0.0,0.0
final_no_rerank,Q-DOC09-FACT-004,grade>=2,1,1|2|1|0|1,0.0,1.0,0.0,0.5,0.63093
final_no_rerank,Q-DOC09-FACT-005,grade>=2,3,3|1|0|2|1,1.0,1.0,1.0,1.0,0.539526
final_no_rerank,Q-DOC09-FACT-006,grade>=2,1,1|1|1|1|1,0.0,0.0,0.0,0.0,0.0
final_no_rerank,Q-DOC09-FACT-007,grade>=2,1,1|3|1|0|0,0.0,1.0,1.0,0.5,0.386853
final_no_rerank,Q-DOC09-FACT-008,grade>=2,3,3|3|1|3|1,1.0,1.0,1.0,1.0,0.890348
final_no_rerank,Q-DOC09-FACT-009,grade>=2,1,1|2|1|1|1,0.0,1.0,0.0,0.5,0.63093
final_no_rerank,Q-DOC09-FACT-010,grade>=2,3,3|1|3|2|1,1.0,1.0,1.0,1.0,0.912943
final_no_rerank,Q-DOC09-FACT-011,grade>=2,1,1|1|1|0|1,0.0,0.0,0.0,0.0,0.0
final_no_rerank,Q-DOC09-FACT-012,grade>=2,2,2|1|1|1|1,1.0,1.0,0.0,1.0,1.0
final_no_rerank,Q-DOC09-FACT-013,grade>=2,1,1|3|1|1|1,0.0,1.0,1.0,0.5,0.386853
final_no_rerank,Q-DOC09-FACT-014,grade>=2,2,2|1|3|1|0,1.0,1.0,1.0,1.0,0.401023
final_no_rerank,Q-DOC09-FACT-015,grade>=2,3,3|1|1|1|1,1.0,1.0,1.0,1.0,1.0
final_no_rerank,Q-DOC10-FACT-001,grade>=2,1,1|1|1|0|1,0.0,0.0,0.0,0.166667,0.0
final_no_rerank,Q-DOC10-FACT-002,grade>=2,1,1|1|1|1|0,0.0,0.0,0.0,0.0,0.0
final_no_rerank,Q-DOC10-FACT-003,grade>=2,1,1|1|0|1|1,0.0,0.0,0.0,0.0,0.0
final_no_rerank,Q-DOC10-FACT-004,grade>=2,0,0|0|1|0|1,0.0,0.0,0.0,0.0,0.0
final_no_rerank,Q-DOC10-FACT-005,grade>=2,0,0|1|0|1|1,0.0,0.0,0.0,0.1,0.0
final_no_rerank,Q-DOC10-FACT-006,grade>=2,0,0|2|0|0|0,0.0,1.0,0.0,0.5,0.63093
final_no_rerank,Q-DOC10-FACT-007,grade>=2,1,1|1|1|1|1,0.0,0.0,0.0,0.0,0.0
final_no_rerank,Q-DOC10-FACT-008,grade>=2,3,3|0|0|0|0,1.0,1.0,1.0,1.0,1.0
final_no_rerank,Q-DOC10-FACT-009,grade>=2,0,0|0|0|0|0,0.0,0.0,0.0,0.0,0.0
final_no_rerank,Q-DOC10-FACT-010,grade>=2,1,1|0|0|0|1,0.0,0.0,0.0,0.0,0.0
final_no_rerank,Q-DOC10-FACT-011,grade>=2,3,3|2|2|2|0,1.0,1.0,1.0,1.0,0.909652
final_no_rerank,Q-DOC10-FACT-012,grade>=2,2,2|0|0|0|0,1.0,1.0,0.0,1.0,1.0
final_no_rerank,Q-DOC10-FACT-013,grade>=2,3,3|2|2|0|0,1.0,1.0,1.0,1.0,0.809068
final_no_rerank,Q-DOC10-FACT-014,grade>=2,0,0|0|0|2|0,0.0,1.0,0.0,0.25,0.430677
final_no_rerank,Q-DOC10-FACT-015,grade>=2,1,1|0|1|1|1,0.0,0.0,0.0,0.0,0.0
final_no_rerank,Q-DOC03-FACT-011,grade>=2,2,2|1|1|1|0,1.0,1.0,0.0,1.0,1.0
final_no_rerank,Q-DOC03-FACT-012,grade>=2,2,2|2|1|1|1,1.0,1.0,0.0,1.0,1.0
final_no_rerank,Q-DOC03-FACT-013,grade>=2,2,2|2|1|1|0,1.0,1.0,0.0,1.0,1.0
final_no_rerank,Q-DOC03-FACT-014,grade>=2,1,1|2|1|1|1,0.0,1.0,0.0,0.5,0.63093
final_no_rerank,Q-DOC03-FACT-015,grade>=2,1,1|0|1|1|1,0.0,0.0,0.0,0.0,0.0
final_no_rerank,Q-DOC04-FACT-011,grade>=2,0,0|1|1|1|1,0.0,0.0,0.0,0.0,0.0
final_no_rerank,Q-DOC04-FACT-012,grade>=2,2,2|2|0|1|0,1.0,1.0,0.0,1.0,1.0
final_no_rerank,Q-DOC04-FACT-013,grade>=2,1,1|1|2|1|1,0.0,1.0,0.0,0.333333,0.234639
final_no_rerank,Q-DOC04-FACT-014,grade>=2,0,0|1|1|0|0,0.0,0.0,0.0,0.0,0.0
final_no_rerank,Q-DOC04-FACT-015,grade>=2,1,1|2|0|1|1,0.0,1.0,0.0,0.5,0.63093
final_no_rerank,Q-DOC05-FACT-009,grade>=2,1,1|1|1|1|2,0.0,1.0,0.0,0.2,0.386853
final_no_rerank,Q-DOC05-FACT-010,grade>=2,0,0|1|1|0|0,0.0,0.0,0.0,0.0,0.0
final_no_rerank,Q-DOC05-FACT-011,grade>=2,1,1|1|1|2|2,0.0,1.0,0.0,0.25,0.501266
final_no_rerank,Q-DOC05-FACT-012,grade>=2,1,1|2|1|1|1,0.0,1.0,0.0,0.5,0.63093
final_no_rerank,Q-DOC05-FACT-013,grade>=2,1,1|1|2|1|1,0.0,1.0,0.0,0.333333,0.19519
final_no_rerank,Q-DOC06-FACT-009,grade>=2,1,1|1|0|0|1,0.0,0.0,0.0,0.0,0.0
final_no_rerank,Q-DOC06-FACT-010,grade>=2,1,1|0|0|0|0,0.0,0.0,0.0,0.0,0.0
final_no_rerank,Q-DOC06-FACT-011,grade>=2,0,0|0|0|0|0,0.0,0.0,0.0,0.0,0.0
final_no_rerank,Q-DOC06-FACT-012,grade>=2,1,1|1|1|1|1,0.0,0.0,0.0,0.0,0.0
final_no_rerank,Q-DOC06-FACT-013,grade>=2,1,1|1|0|0|0,0.0,0.0,0.0,0.0,0.0
final_no_rerank,Q-DOC07-FACT-013,grade>=2,1,1|0|0|0|0,0.0,0.0,0.0,0.0,0.0
final_no_rerank,Q-DOC07-FACT-014,grade>=2,0,0|0|0|0|0,0.0,0.0,0.0,0.0,0.0
final_no_rerank,Q-DOC07-FACT-015,grade>=2,1,1|1|0|0|0,0.0,0.0,0.0,0.0,0.0
final_no_rerank,Q-DOC07-FACT-016,grade>=2,1,1|1|0|0|0,0.0,0.0,0.0,0.0,0.0
final_no_rerank,Q-DOC07-FACT-017,grade>=2,1,1|1|0|0|0,0.0,0.0,0.0,0.0,0.0
final_no_rerank,Q-DOC08-FACT-013,grade>=2,2,2|0|1|1|0,1.0,1.0,0.0,1.0,1.0
final_no_rerank,Q-DOC08-FACT-014,grade>=2,2,2|0|0|1|0,1.0,1.0,0.0,1.0,1.0
final_no_rerank,Q-DOC08-FACT-015,grade>=2,0,0|0|0|0|0,0.0,0.0,0.0,0.0,0.0
final_no_rerank,Q-DOC08-FACT-016,grade>=2,0,0|0|1|0|0,0.0,0.0,0.0,0.0,0.0
final_no_rerank,Q-DOC08-FACT-017,grade>=2,0,0|0|0|0|0,0.0,0.0,0.0,0.0,0.0
final_no_rerank,Q-DOC09-FACT-016,grade>=2,1,1|1|1|1|0,0.0,0.0,0.0,0.0,0.0
final_no_rerank,Q-DOC09-FACT-017,grade>=2,1,1|1|1|1|1,0.0,0.0,0.0,0.0,0.0
final_no_rerank,Q-DOC09-FACT-018,grade>=2,1,1|1|1|1|1,0.0,0.0,0.0,0.0,0.0
final_no_rerank,Q-DOC09-FACT-019,grade>=2,0,0|0|1|1|0,0.0,0.0,0.0,0.0,0.0
final_no_rerank,Q-DOC09-FACT-020,grade>=2,1,1|1|0|1|1,0.0,0.0,0.0,0.0,0.0
final_no_rerank,Q-DOC10-FACT-016,grade>=2,0,0|0|1|0|2,0.0,1.0,0.0,0.2,0.386853
final_no_rerank,Q-DOC10-FACT-017,grade>=2,2,2|1|1|0|0,1.0,1.0,0.0,1.0,1.0
final_no_rerank,Q-DOC10-FACT-018,grade>=2,1,1|0|0|0|0,0.0,0.0,0.0,0.0,0.0
final_no_rerank,Q-DOC10-FACT-019,grade>=2,0,0|0|0|0|0,0.0,0.0,0.0,0.0,0.0
final_no_rerank,Q-DOC10-FACT-020,grade>=2,3,3|0|2|2|2,1.0,1.0,1.0,1.0,0.852648
graph_final,Q-DOC01-FACT-001,grade>=2,1,1|1|1|1|1,0.0,0.0,0.0,0.0,0.0
graph_final,Q-DOC01-FACT-002,grade>=2,1,1|1|1|1|1,0.0,0.0,0.0,0.052632,0.0
graph_final,Q-DOC01-FACT-003,grade>=2,1,1|1|1|1|1,0.0,0.0,0.0,0.125,0.0
graph_final,Q-DOC01-FACT-004,grade>=2,1,1|1|1|1|1,0.0,0.0,0.0,0.0,0.0
graph_final,Q-DOC01-FACT-005,grade>=2,0,0|0|1|1|1,0.0,0.0,0.0,0.0,0.0
graph_final,Q-DOC01-FACT-006,grade>=2,0,0|0|1|1|0,0.0,0.0,0.0,0.0,0.0
graph_final,Q-DOC01-FACT-007,grade>=2,1,1|2|1|1|1,0.0,1.0,0.0,0.5,0.63093
graph_final,Q-DOC01-FACT-008,grade>=2,0,0|0|0|0|0,0.0,0.0,0.0,0.052632,0.0
graph_final,Q-DOC01-FACT-009,grade>=2,0,0|0|2|2|2,0.0,1.0,0.0,0.333333,0.446854
graph_final,Q-DOC01-FACT-010,grade>=2,1,1|1|1|1|1,0.0,0.0,0.0,0.090909,0.0
graph_final,Q-DOC01-FACT-011,grade>=2,1,1|1|1|1|0,0.0,0.0,0.0,0.142857,0.0
graph_final,Q-DOC01-FACT-012,grade>=2,1,1|1|0|0|0,0.0,0.0,0.0,0.090909,0.0
graph_final,Q-DOC01-FACT-013,grade>=2,0,0|0|0|0|0,0.0,0.0,0.0,0.052632,0.0
graph_final,Q-DOC01-FACT-014,grade>=2,0,0|0|0|0|2,0.0,1.0,0.0,0.2,0.386853
graph_final,Q-DOC01-FACT-015,grade>=2,3,3|1|1|1|1,1.0,1.0,1.0,1.0,0.787155
graph_final,Q-DOC01-FACT-016,grade>=2,0,0|0|1|1|1,0.0,0.0,0.0,0.0,0.0
graph_final,Q-DOC01-FACT-017,grade>=2,2,2|3|2|1|1,1.0,1.0,1.0,1.0,0.857951
graph_final,Q-DOC01-FACT-018,grade>=2,3,3|2|2|1|1,1.0,1.0,1.0,1.0,0.889427
graph_final,Q-DOC01-FACT-019,grade>=2,3,3|2|2|3|2,1.0,1.0,1.0,1.0,0.947882
graph_final,Q-DOC01-FACT-020,grade>=2,3,3|2|2|2|0,1.0,1.0,1.0,1.0,1.0
graph_final,Q-DOC01-FACT-021,grade>=2,1,1|1|1|1|1,0.0,0.0,0.0,0.0,0.0
graph_final,Q-DOC01-FACT-022,grade>=2,1,1|0|0|0|0,0.0,0.0,0.0,0.0,0.0
graph_final,Q-DOC01-FACT-023,grade>=2,2,2|1|0|0|2,1.0,1.0,0.0,1.0,0.470365
graph_final,Q-DOC01-FACT-024,grade>=2,0,0|0|1|0|0,0.0,0.0,0.0,0.0,0.0
graph_final,Q-DOC01-FACT-025,grade>=2,0,0|0|1|0|1,0.0,0.0,0.0,0.076923,0.0
graph_final,Q-DOC02-FACT-001,grade>=2,1,1|2|1|1|2,0.0,1.0,0.0,0.5,0.477624
graph_final,Q-DOC02-FACT-002,grade>=2,1,1|2|1|1|1,0.0,1.0,0.0,0.5,0.386853
graph_final,Q-DOC02-FACT-003,grade>=2,3,3|3|3|2|2,1.0,1.0,1.0,1.0,0.909767
graph_final,Q-DOC02-FACT-004,grade>=2,1,1|1|2|1|1,0.0,1.0,0.0,0.333333,0.5
graph_final,Q-DOC02-FACT-005,grade>=2,1,1|1|1|1|1,0.0,0.0,0.0,0.0,0.0
graph_final,Q-DOC02-FACT-006,grade>=2,1,1|1|1|1|1,0.0,0.0,0.0,0.0,0.0
graph_final,Q-DOC02-FACT-007,grade>=2,1,1|1|1|2|1,0.0,1.0,0.0,0.25,0.430677
graph_final,Q-DOC02-FACT-008,grade>=2,1,1|1|1|2|2,0.0,1.0,0.0,0.25,0.383649
graph_final,Q-DOC02-FACT-009,grade>=2,0,0|1|1|1|1,0.0,0.0,0.0,0.0,0.0
graph_final,Q-DOC02-FACT-010,grade>=2,0,0|0|0|0|0,0.0,0.0,0.0,0.090909,0.0
graph_final,Q-DOC02-FACT-011,grade>=2,1,1|1|0|1|1,0.0,0.0,0.0,0.0,0.0
graph_final,Q-DOC02-FACT-012,grade>=2,1,1|1|1|1|1,0.0,0.0,0.0,0.0,0.0
graph_final,Q-DOC02-FACT-013,grade>=2,1,1|1|1|1|1,0.0,0.0,0.0,0.0,0.0
graph_final,Q-DOC02-FACT-014,grade>=2,0,0|0|0|0|2,0.0,1.0,0.0,0.2,0.131205
graph_final,Q-DOC02-FACT-015,grade>=2,1,1|1|1|1|1,0.0,0.0,0.0,0.0,0.0
graph_final,Q-DOC02-FACT-016,grade>=2,1,1|1|1|1|1,0.0,0.0,0.0,0.0,0.0
graph_final,Q-DOC02-FACT-017,grade>=2,3,3|3|3|3|3,1.0,1.0,1.0,1.0,1.0
graph_final,Q-DOC02-FACT-018,grade>=2,2,2|2|2|2|2,1.0,1.0,0.0,1.0,0.688604
graph_final,Q-DOC02-FACT-019,grade>=2,1,1|1|1|2|2,0.0,1.0,0.0,0.25,0.383649
graph_final,Q-DOC02-FACT-020,grade>=2,0,0|0|0|0|0,0.0,0.0,0.0,0.0,0.0
graph_final,Q-DOC02-FACT-021,grade>=2,0,0|0|0|1|0,0.0,0.0,0.0,0.0,0.0
graph_final,Q-DOC02-FACT-022,grade>=2,1,1|1|1|1|1,0.0,0.0,0.0,0.0,0.0
graph_final,Q-DOC02-FACT-023,grade>=2,1,1|0|1|1|1,0.0,0.0,0.0,0.166667,0.0
graph_final,Q-DOC02-FACT-024,grade>=2,1,1|1|1|1|1,0.0,0.0,0.0,0.0,0.0
graph_final,Q-DOC02-FACT-025,grade>=2,1,1|1|1|0|0,0.0,0.0,0.0,0.0,0.0
graph_final,Q-DOC03-FACT-001,grade>=2,2,2|1|1|1|1,1.0,1.0,0.0,1.0,1.0
graph_final,Q-DOC03-FACT-002,grade>=2,1,1|2|2|1|1,0.0,1.0,0.0,0.5,0.530721
graph_final,Q-DOC03-FACT-003,grade>=2,1,1|1|1|1|1,0.0,0.0,0.0,0.0,0.0
graph_final,Q-DOC03-FACT-004,grade>=2,1,1|1|1|1|1,0.0,0.0,0.0,0.0,0.0
graph_final,Q-DOC03-FACT-005,grade>=2,2,2|2|2|2|2,1.0,1.0,0.0,1.0,1.0
graph_final,Q-DOC03-FACT-006,grade>=2,2,2|1|0|0|0,1.0,1.0,0.0,1.0,1.0
graph_final,Q-DOC03-FACT-007,grade>=2,1,1|2|2|1|1,0.0,1.0,0.0,0.5,0.693426
graph_final,Q-DOC03-FACT-008,grade>=2,0,0|1|1|1|0,0.0,0.0,0.0,0.0,0.0
graph_final,Q-DOC03-FACT-009,grade>=2,1,1|1|1|2|2,0.0,1.0,0.0,0.25,0.319147
graph_final,Q-DOC03-FACT-010,grade>=2,1,1|1|1|1|1,0.0,0.0,0.0,0.0,0.0
graph_final,Q-DOC04-FACT-001,grade>=2,1,1|0|0|0|0,0.0,0.0,0.0,0.0,0.0
graph_final,Q-DOC04-FACT-002,grade>=2,0,0|0|0|0|0,0.0,0.0,0.0,0.0,0.0
graph_final,Q-DOC04-FACT-003,grade>=2,1,1|1|0|0|0,0.0,0.0,0.0,0.0,0.0
graph_final,Q-DOC04-FACT-004,grade>=2,0,0|0|0|0|0,0.0,0.0,0.0,0.0,0.0
graph_final,Q-DOC04-FACT-005,grade>=2,0,0|0|2|1|0,0.0,1.0,0.0,0.333333,0.5
graph_final,Q-DOC04-FACT-006,grade>=2,0,0|0|0|0|0,0.0,0.0,0.0,0.0,0.0
graph_final,Q-DOC04-FACT-007,grade>=2,1,1|1|0|0|1,0.0,0.0,0.0,0.0,0.0
graph_final,Q-DOC04-FACT-008,grade>=2,1,1|1|0|2|0,0.0,1.0,0.0,0.25,0.264068
graph_final,Q-DOC04-FACT-009,grade>=2,1,1|1|0|0|0,0.0,0.0,0.0,0.0,0.0
graph_final,Q-DOC04-FACT-010,grade>=2,0,0|0|0|0|0,0.0,0.0,0.0,0.125,0.0
graph_final,Q-DOC05-FACT-001,grade>=2,1,1|1|0|0|0,0.0,0.0,0.0,0.0,0.0
graph_final,Q-DOC05-FACT-002,grade>=2,1,1|1|0|0|0,0.0,0.0,0.0,0.0,0.0
graph_final,Q-DOC05-FACT-003,grade>=2,0,0|1|1|0|0,0.0,0.0,0.0,0.0,0.0
graph_final,Q-DOC05-FACT-004,grade>=2,1,1|1|1|1|1,0.0,0.0,0.0,0.076923,0.0
graph_final,Q-DOC05-FACT-005,grade>=2,1,1|1|0|0|0,0.0,0.0,0.0,0.0,0.0
graph_final,Q-DOC05-FACT-006,grade>=2,1,1|1|1|1|1,0.0,0.0,0.0,0.0,0.0
graph_final,Q-DOC05-FACT-007,grade>=2,1,1|1|1|1|1,0.0,0.0,0.0,0.090909,0.0
graph_final,Q-DOC05-FACT-008,grade>=2,1,1|1|1|1|0,0.0,0.0,0.0,0.0,0.0
graph_final,Q-DOC06-FACT-001,grade>=2,1,1|1|1|0|0,0.0,0.0,0.0,0.0,0.0
graph_final,Q-DOC06-FACT-002,grade>=2,1,1|1|1|0|1,0.0,0.0,0.0,0.111111,0.0
graph_final,Q-DOC06-FACT-003,grade>=2,0,0|0|0|1|0,0.0,0.0,0.0,0.0,0.0
graph_final,Q-DOC06-FACT-004,grade>=2,0,0|0|0|0|0,0.0,0.0,0.0,0.0,0.0
graph_final,Q-DOC06-FACT-005,grade>=2,1,1|1|1|1|0,0.0,0.0,0.0,0.0,0.0
graph_final,Q-DOC06-FACT-006,grade>=2,0,0|0|1|0|1,0.0,0.0,0.0,0.0,0.0
graph_final,Q-DOC06-FACT-007,grade>=2,0,0|0|0|0|0,0.0,0.0,0.0,0.0,0.0
graph_final,Q-DOC06-FACT-008,grade>=2,1,1|1|1|0|1,0.0,0.0,0.0,0.111111,0.0
graph_final,Q-DOC07-FACT-001,grade>=2,1,1|1|1|1|1,0.0,0.0,0.0,0.0,0.0
graph_final,Q-DOC07-FACT-002,grade>=2,1,1|1|1|1|1,0.0,0.0,0.0,0.0,0.0
graph_final,Q-DOC07-FACT-003,grade>=2,0,0|0|1|0|0,0.0,0.0,0.0,0.0,0.0
graph_final,Q-DOC07-FACT-004,grade>=2,1,1|1|1|1|1,0.0,0.0,0.0,0.0,0.0
graph_final,Q-DOC07-FACT-005,grade>=2,0,0|0|0|0|0,0.0,0.0,0.0,0.0,0.0
graph_final,Q-DOC07-FACT-006,grade>=2,0,0|0|0|0|0,0.0,0.0,0.0,0.0,0.0
graph_final,Q-DOC07-FACT-007,grade>=2,0,0|0|0|0|0,0.0,0.0,0.0,0.0,0.0
graph_final,Q-DOC07-FACT-008,grade>=2,1,1|1|1|1|1,0.0,0.0,0.0,0.0,0.0
graph_final,Q-DOC07-FACT-009,grade>=2,0,0|0|0|0|0,0.0,0.0,0.0,0.0,0.0
graph_final,Q-DOC07-FACT-010,grade>=2,1,1|1|1|1|1,0.0,0.0,0.0,0.0,0.0
graph_final,Q-DOC07-FACT-011,grade>=2,1,1|0|1|0|1,0.0,0.0,0.0,0.0,0.0
graph_final,Q-DOC07-FACT-012,grade>=2,0,0|0|1|0|0,0.0,0.0,0.0,0.0,0.0
graph_final,Q-DOC08-FACT-001,grade>=2,1,1|1|1|1|0,0.0,0.0,0.0,0.0,0.0
graph_final,Q-DOC08-FACT-002,grade>=2,0,0|0|0|0|1,0.0,0.0,0.0,0.0,0.0
graph_final,Q-DOC08-FACT-003,grade>=2,0,0|0|0|1|0,0.0,0.0,0.0,0.0,0.0
graph_final,Q-DOC08-FACT-004,grade>=2,0,0|0|1|0|0,0.0,0.0,0.0,0.0,0.0
graph_final,Q-DOC08-FACT-005,grade>=2,1,1|0|1|0|1,0.0,0.0,0.0,0.0,0.0
graph_final,Q-DOC08-FACT-006,grade>=2,0,0|0|0|0|0,0.0,0.0,0.0,0.0,0.0
graph_final,Q-DOC08-FACT-007,grade>=2,1,1|0|1|0|0,0.0,0.0,0.0,0.0,0.0
graph_final,Q-DOC08-FACT-008,grade>=2,1,1|1|1|1|1,0.0,0.0,0.0,0.0,0.0
graph_final,Q-DOC08-FACT-009,grade>=2,1,1|1|1|0|1,0.0,0.0,0.0,0.0,0.0
graph_final,Q-DOC08-FACT-010,grade>=2,0,0|0|1|0|0,0.0,0.0,0.0,0.0,0.0
graph_final,Q-DOC08-FACT-011,grade>=2,1,1|0|1|0|1,0.0,0.0,0.0,0.0,0.0
graph_final,Q-DOC08-FACT-012,grade>=2,0,0|0|0|0|0,0.0,0.0,0.0,0.0,0.0
graph_final,Q-DOC09-FACT-001,grade>=2,1,1|2|2|1|1,0.0,1.0,0.0,0.5,0.693426
graph_final,Q-DOC09-FACT-002,grade>=2,2,2|2|1|0|0,1.0,1.0,0.0,1.0,0.765361
graph_final,Q-DOC09-FACT-003,grade>=2,1,1|0|0|1|1,0.0,0.0,0.0,0.0,0.0
graph_final,Q-DOC09-FACT-004,grade>=2,1,1|1|0|1|1,0.0,0.0,0.0,0.0,0.0
graph_final,Q-DOC09-FACT-005,grade>=2,1,1|1|1|1|0,0.0,0.0,0.0,0.0,0.0
graph_final,Q-DOC09-FACT-006,grade>=2,1,1|0|0|1|1,0.0,0.0,0.0,0.0,0.0
graph_final,Q-DOC09-FACT-007,grade>=2,1,1|1|0|0|0,0.0,0.0,0.0,0.076923,0.0
graph_final,Q-DOC09-FACT-008,grade>=2,1,1|3|1|1|2,0.0,1.0,1.0,0.5,0.627145
graph_final,Q-DOC09-FACT-009,grade>=2,1,1|0|0|1|0,0.0,0.0,0.0,0.0,0.0
graph_final,Q-DOC09-FACT-010,grade>=2,1,1|3|1|1|1,0.0,1.0,1.0,0.5,0.63093
graph_final,Q-DOC09-FACT-011,grade>=2,1,1|1|1|1|1,0.0,0.0,0.0,0.0,0.0
graph_final,Q-DOC09-FACT-012,grade>=2,1,1|1|1|1|1,0.0,0.0,0.0,0.0,0.0
graph_final,Q-DOC09-FACT-013,grade>=2,1,1|1|1|1|1,0.0,0.0,0.0,0.0,0.0
graph_final,Q-DOC09-FACT-014,grade>=2,2,2|1|1|0|0,1.0,1.0,0.0,1.0,0.337352
graph_final,Q-DOC09-FACT-015,grade>=2,1,1|1|0|0|1,0.0,0.0,0.0,0.0,0.0
graph_final,Q-DOC10-FACT-001,grade>=2,1,1|1|1|1|0,0.0,0.0,0.0,0.0,0.0
graph_final,Q-DOC10-FACT-002,grade>=2,1,1|1|1|0|0,0.0,0.0,0.0,0.0,0.0
graph_final,Q-DOC10-FACT-003,grade>=2,1,1|1|1|0|0,0.0,0.0,0.0,0.0,0.0
graph_final,Q-DOC10-FACT-004,grade>=2,0,0|0|0|0|0,0.0,0.0,0.0,0.0,0.0
graph_final,Q-DOC10-FACT-005,grade>=2,1,1|1|1|0|1,0.0,0.0,0.0,0.090909,0.0
graph_final,Q-DOC10-FACT-006,grade>=2,0,0|0|0|0|0,0.0,0.0,0.0,0.0,0.0
graph_final,Q-DOC10-FACT-007,grade>=2,1,1|0|0|1|0,0.0,0.0,0.0,0.0,0.0
graph_final,Q-DOC10-FACT-008,grade>=2,0,0|0|0|0|1,0.0,0.0,0.0,0.0,0.0
graph_final,Q-DOC10-FACT-009,grade>=2,0,0|0|0|0|0,0.0,0.0,0.0,0.0,0.0
graph_final,Q-DOC10-FACT-010,grade>=2,0,0|0|0|0|0,0.0,0.0,0.0,0.0,0.0
graph_final,Q-DOC10-FACT-011,grade>=2,0,0|0|2|2|2,0.0,1.0,0.0,0.333333,0.446854
graph_final,Q-DOC10-FACT-012,grade>=2,0,0|0|0|0|0,0.0,0.0,0.0,0.0,0.0
graph_final,Q-DOC10-FACT-013,grade>=2,0,0|0|2|2|2,0.0,1.0,0.0,0.333333,0.446854
graph_final,Q-DOC10-FACT-014,grade>=2,0,0|0|0|0|0,0.0,0.0,0.0,0.0,0.0
graph_final,Q-DOC10-FACT-015,grade>=2,1,1|0|0|0|0,0.0,0.0,0.0,0.0,0.0
graph_final,Q-DOC03-FACT-011,grade>=2,0,0|0|0|2|1,0.0,1.0,0.0,0.25,0.430677
graph_final,Q-DOC03-FACT-012,grade>=2,2,2|1|1|1|1,1.0,1.0,0.0,1.0,1.0
graph_final,Q-DOC03-FACT-013,grade>=2,2,2|1|1|0|1,1.0,1.0,0.0,1.0,1.0
graph_final,Q-DOC03-FACT-014,grade>=2,1,1|1|1|1|1,0.0,0.0,0.0,0.142857,0.0
graph_final,Q-DOC03-FACT-015,grade>=2,0,0|0|1|1|1,0.0,0.0,0.0,0.0,0.0
graph_final,Q-DOC04-FACT-011,grade>=2,0,0|0|0|0|1,0.0,0.0,0.0,0.0,0.0
graph_final,Q-DOC04-FACT-012,grade>=2,0,0|0|0|1|1,0.0,0.0,0.0,0.0,0.0
graph_final,Q-DOC04-FACT-013,grade>=2,1,1|1|0|2|2,0.0,1.0,0.0,0.25,0.501266
graph_final,Q-DOC04-FACT-014,grade>=2,0,0|0|0|0|0,0.0,0.0,0.0,0.0,0.0
graph_final,Q-DOC04-FACT-015,grade>=2,1,1|0|0|0|1,0.0,0.0,0.0,0.0,0.0
graph_final,Q-DOC05-FACT-009,grade>=2,1,1|1|1|0|0,0.0,0.0,0.0,0.0,0.0
graph_final,Q-DOC05-FACT-010,grade>=2,0,0|1|0|0|1,0.0,0.0,0.0,0.0,0.0
graph_final,Q-DOC05-FACT-011,grade>=2,1,1|1|1|1|1,0.0,0.0,0.0,0.0,0.0
graph_final,Q-DOC05-FACT-012,grade>=2,1,1|1|0|0|0,0.0,0.0,0.0,0.0,0.0
graph_final,Q-DOC05-FACT-013,grade>=2,1,1|1|0|1|1,0.0,0.0,0.0,0.125,0.0
graph_final,Q-DOC06-FACT-009,grade>=2,1,1|1|0|1|0,0.0,0.0,0.0,0.0,0.0
graph_final,Q-DOC06-FACT-010,grade>=2,0,0|0|0|0|0,0.0,0.0,0.0,0.0,0.0
graph_final,Q-DOC06-FACT-011,grade>=2,0,0|0|0|0|0,0.0,0.0,0.0,0.0,0.0
graph_final,Q-DOC06-FACT-012,grade>=2,1,1|1|1|1|1,0.0,0.0,0.0,0.0,0.0
graph_final,Q-DOC06-FACT-013,grade>=2,1,1|1|0|0|0,0.0,0.0,0.0,0.0,0.0
graph_final,Q-DOC07-FACT-013,grade>=2,0,0|0|0|0|0,0.0,0.0,0.0,0.0,0.0
graph_final,Q-DOC07-FACT-014,grade>=2,0,0|0|0|0|0,0.0,0.0,0.0,0.0,0.0
graph_final,Q-DOC07-FACT-015,grade>=2,1,1|0|0|0|0,0.0,0.0,0.0,0.0,0.0
graph_final,Q-DOC07-FACT-016,grade>=2,0,0|0|0|0|1,0.0,0.0,0.0,0.0,0.0
graph_final,Q-DOC07-FACT-017,grade>=2,0,0|0|0|1|0,0.0,0.0,0.0,0.0,0.0
graph_final,Q-DOC08-FACT-013,grade>=2,0,0|0|0|0|0,0.0,0.0,0.0,0.0,0.0
graph_final,Q-DOC08-FACT-014,grade>=2,0,0|0|0|0|0,0.0,0.0,0.0,0.0,0.0
graph_final,Q-DOC08-FACT-015,grade>=2,0,0|0|0|0|0,0.0,0.0,0.0,0.0,0.0
graph_final,Q-DOC08-FACT-016,grade>=2,0,0|0|0|0|0,0.0,0.0,0.0,0.0,0.0
graph_final,Q-DOC08-FACT-017,grade>=2,0,0|0|0|0|0,0.0,0.0,0.0,0.0,0.0
graph_final,Q-DOC09-FACT-016,grade>=2,1,1|1|1|1|0,0.0,0.0,0.0,0.0,0.0
graph_final,Q-DOC09-FACT-017,grade>=2,1,1|1|1|1|1,0.0,0.0,0.0,0.0,0.0
graph_final,Q-DOC09-FACT-018,grade>=2,1,1|1|1|1|1,0.0,0.0,0.0,0.0,0.0
graph_final,Q-DOC09-FACT-019,grade>=2,1,1|0|0|0|0,0.0,0.0,0.0,0.0,0.0
graph_final,Q-DOC09-FACT-020,grade>=2,1,1|1|0|1|1,0.0,0.0,0.0,0.0,0.0
graph_final,Q-DOC10-FACT-016,grade>=2,1,1|0|0|0|0,0.0,0.0,0.0,0.0,0.0
graph_final,Q-DOC10-FACT-017,grade>=2,0,0|0|1|1|1,0.0,0.0,0.0,0.0,0.0
graph_final,Q-DOC10-FACT-018,grade>=2,0,0|0|0|0|0,0.0,0.0,0.0,0.0,0.0
graph_final,Q-DOC10-FACT-019,grade>=2,0,0|0|0|0|0,0.0,0.0,0.0,0.0,0.0
graph_final,Q-DOC10-FACT-020,grade>=2,0,0|0|2|2|2,0.0,1.0,0.0,0.333333,0.446854
hyper_base,Q-DOC01-FACT-001,grade>=2,3,3|1|3|2|2,1.0,1.0,1.0,1.0,0.842768
hyper_base,Q-DOC01-FACT-002,grade>=2,2,2|1|3|1|1,1.0,1.0,1.0,1.0,0.730929
hyper_base,Q-DOC01-FACT-003,grade>=2,1,1|1|1|1|1,0.0,0.0,0.0,0.0625,0.0
hyper_base,Q-DOC01-FACT-004,grade>=2,1,1|1|1|1|1,0.0,0.0,0.0,0.0,0.0
hyper_base,Q-DOC01-FACT-005,grade>=2,1,1|2|1|1|1,0.0,1.0,0.0,0.5,0.63093
hyper_base,Q-DOC01-FACT-006,grade>=2,1,1|1|1|1|1,0.0,0.0,0.0,0.0,0.0
hyper_base,Q-DOC01-FACT-007,grade>=2,3,3|1|1|2|2,1.0,1.0,1.0,1.0,0.544219
hyper_base,Q-DOC01-FACT-008,grade>=2,0,0|0|0|0|2,0.0,1.0,0.0,0.2,0.131205
hyper_base,Q-DOC01-FACT-009,grade>=2,0,0|2|2|2|2,0.0,1.0,0.0,0.5,0.66084
hyper_base,Q-DOC01-FACT-010,grade>=2,2,2|2|1|2|2,1.0,1.0,0.0,1.0,0.83042
hyper_base,Q-DOC01-FACT-011,grade>=2,2,2|2|2|2|1,1.0,1.0,0.0,1.0,1.0
hyper_base,Q-DOC01-FACT-012,grade>=2,1,1|1|0|2|1,0.0,1.0,0.0,0.25,0.264068
hyper_base,Q-DOC01-FACT-013,grade>=2,0,0|0|0|0|0,0.0,0.0,0.0,0.166667,0.0
hyper_base,Q-DOC01-FACT-014,grade>=2,3,3|1|0|0|1,1.0,1.0,1.0,1.0,0.544943
hyper_base,Q-DOC01-FACT-015,grade>=2,2,2|2|3|2|2,1.0,1.0,1.0,1.0,0.844302
hyper_base,Q-DOC01-FACT-016,grade>=2,3,3|1|1|1|1,1.0,1.0,1.0,1.0,1.0
hyper_base,Q-DOC01-FACT-017,grade>=2,2,2|2|3|2|2,1.0,1.0,1.0,1.0,0.844302
hyper_base,Q-DOC01-FACT-018,grade>=2,2,2|3|2|2|2,1.0,1.0,1.0,1.0,0.885073
hyper_base,Q-DOC01-FACT-019,grade>=2,3,3|2|2|2|3,1.0,1.0,1.0,1.0,0.936476
hyper_base,Q-DOC01-FACT-020,grade>=2,3,3|3|2|2|3,1.0,1.0,1.0,1.0,0.819629
hyper_base,Q-DOC01-FACT-021,grade>=2,1,1|1|1|1|1,0.0,0.0,0.0,0.0,0.0
hyper_base,Q-DOC01-FACT-022,grade>=2,1,1|1|1|1|1,0.0,0.0,0.0,0.0,0.0
hyper_base,Q-DOC01-FACT-023,grade>=2,2,2|2|2|1|2,1.0,1.0,0.0,1.0,0.853932
hyper_base,Q-DOC01-FACT-024,grade>=2,3,3|1|2|2|1,1.0,1.0,1.0,1.0,0.942195
hyper_base,Q-DOC01-FACT-025,grade>=2,1,1|1|1|1|1,0.0,0.0,0.0,0.0,0.0
hyper_base,Q-DOC02-FACT-001,grade>=2,0,0|1|0|0|1,0.0,0.0,0.0,0.058824,0.0
hyper_base,Q-DOC02-FACT-002,grade>=2,0,0|0|1|0|0,0.0,0.0,0.0,0.0,0.0
hyper_base,Q-DOC02-FACT-003,grade>=2,3,3|3|3|3|0,1.0,1.0,1.0,1.0,0.939212
hyper_base,Q-DOC02-FACT-004,grade>=2,0,0|0|0|0|1,0.0,0.0,0.0,0.0,0.0
hyper_base,Q-DOC02-FACT-005,grade>=2,1,1|1|1|1|1,0.0,0.0,0.0,0.0,0.0
hyper_base,Q-DOC02-FACT-006,grade>=2,1,1|0|1|1|0,0.0,0.0,0.0,0.0,0.0
hyper_base,Q-DOC02-FACT-007,grade>=2,1,1|1|2|1|1,0.0,1.0,0.0,0.333333,0.234639
hyper_base,Q-DOC02-FACT-008,grade>=2,1,1|1|2|1|1,0.0,1.0,0.0,0.333333,0.306574
hyper_base,Q-DOC02-FACT-009,grade>=2,2,2|1|0|2|1,1.0,1.0,0.0,1.0,0.877215
hyper_base,Q-DOC02-FACT-010,grade>=2,0,0|0|0|0|2,0.0,1.0,0.0,0.2,0.131205
hyper_base,Q-DOC02-FACT-011,grade>=2,0,0|0|1|0|0,0.0,0.0,0.0,0.0,0.0
hyper_base,Q-DOC02-FACT-012,grade>=2,2,2|1|2|1|1,1.0,1.0,0.0,1.0,0.919721
hyper_base,Q-DOC02-FACT-013,grade>=2,1,1|2|3|1|1,0.0,1.0,1.0,0.5,0.606423
hyper_base,Q-DOC02-FACT-014,grade>=2,2,2|2|2|2|2,1.0,1.0,0.0,1.0,1.0
hyper_base,Q-DOC02-FACT-015,grade>=2,2,2|1|1|2|1,1.0,1.0,0.0,1.0,0.877215
hyper_base,Q-DOC02-FACT-016,grade>=2,0,0|1|0|0|1,0.0,0.0,0.0,0.0,0.0
hyper_base,Q-DOC02-FACT-017,grade>=2,3,3|3|3|3|2,1.0,1.0,1.0,1.0,1.0
hyper_base,Q-DOC02-FACT-018,grade>=2,2,2|2|2|2|2,1.0,1.0,0.0,1.0,1.0
hyper_base,Q-DOC02-FACT-019,grade>=2,3,3|2|2|1|1,1.0,1.0,1.0,1.0,0.889427
hyper_base,Q-DOC02-FACT-020,grade>=2,1,1|1|1|1|0,0.0,0.0,0.0,0.0,0.0
hyper_base,Q-DOC02-FACT-021,grade>=2,1,1|1|1|1|1,0.0,0.0,0.0,0.0,0.0
hyper_base,Q-DOC02-FACT-022,grade>=2,0,0|1|1|0|0,0.0,0.0,0.0,0.0,0.0
hyper_base,Q-DOC02-FACT-023,grade>=2,1,1|1|1|1|2,0.0,1.0,0.0,0.2,0.237198
hyper_base,Q-DOC02-FACT-024,grade>=2,2,2|1|1|1|0,1.0,1.0,0.0,1.0,0.337352
hyper_base,Q-DOC02-FACT-025,grade>=2,1,1|1|1|1|1,0.0,0.0,0.0,0.0,0.0
hyper_base,Q-DOC03-FACT-001,grade>=2,3,3|1|1|1|1,1.0,1.0,1.0,1.0,0.599068
hyper_base,Q-DOC03-FACT-002,grade>=2,3,3|3|1|0|0,1.0,1.0,1.0,1.0,1.0
hyper_base,Q-DOC03-FACT-003,grade>=2,3,3|2|2|1|2,1.0,1.0,1.0,1.0,0.988749
hyper_base,Q-DOC03-FACT-004,grade>=2,2,2|1|0|1|1,1.0,1.0,0.0,1.0,1.0
hyper_base,Q-DOC03-FACT-005,grade>=2,2,2|1|1|1|1,1.0,1.0,0.0,1.0,0.33916
hyper_base,Q-DOC03-FACT-006,grade>=2,2,2|1|1|1|1,1.0,1.0,0.0,1.0,0.613147
hyper_base,Q-DOC03-FACT-007,grade>=2,2,2|2|1|1|0,1.0,1.0,0.0,1.0,0.765361
hyper_base,Q-DOC03-FACT-008,grade>=2,0,0|0|0|1|0,0.0,0.0,0.0,0.0,0.0
hyper_base,Q-DOC03-FACT-009,grade>=2,3,3|3|1|0|1,1.0,1.0,1.0,1.0,0.803496
hyper_base,Q-DOC03-FACT-010,grade>=2,2,2|0|1|0|0,1.0,1.0,0.0,1.0,1.0
hyper_base,Q-DOC04-FACT-001,grade>=2,1,1|2|0|1|1,0.0,1.0,0.0,0.5,0.63093
hyper_base,Q-DOC04-FACT-002,grade>=2,1,1|1|1|1|1,0.0,0.0,0.0,0.0,0.0
hyper_base,Q-DOC04-FACT-003,grade>=2,1,1|3|2|1|1,0.0,1.0,1.0,0.5,0.665315
hyper_base,Q-DOC04-FACT-004,grade>=2,1,1|1|1|1|1,0.0,0.0,0.0,0.0,0.0
hyper_base,Q-DOC04-FACT-005,grade>=2,1,1|1|1|1|1,0.0,0.0,0.0,0.0,0.0
hyper_base,Q-DOC04-FACT-006,grade>=2,1,1|1|1|1|1,0.0,0.0,0.0,0.0,0.0
hyper_base,Q-DOC04-FACT-007,grade>=2,2,2|1|1|1|1,1.0,1.0,0.0,1.0,1.0
hyper_base,Q-DOC04-FACT-008,grade>=2,1,1|1|2|1|1,0.0,1.0,0.0,0.333333,0.234639
hyper_base,Q-DOC04-FACT-009,grade>=2,2,2|2|0|2|1,1.0,1.0,0.0,1.0,0.967468
hyper_base,Q-DOC04-FACT-010,grade>=2,0,0|0|2|2|2,0.0,1.0,0.0,0.333333,0.446854
hyper_base,Q-DOC05-FACT-001,grade>=2,1,1|1|1|1|1,0.0,0.0,0.0,0.090909,0.0
hyper_base,Q-DOC05-FACT-002,grade>=2,1,1|1|1|1|1,0.0,0.0,0.0,0.111111,0.0
hyper_base,Q-DOC05-FACT-003,grade>=2,1,1|1|1|1|1,0.0,0.0,0.0,0.076923,0.0
hyper_base,Q-DOC05-FACT-004,grade>=2,3,3|2|1|1|1,1.0,1.0,1.0,1.0,0.855669
hyper_base,Q-DOC05-FACT-005,grade>=2,3,3|1|1|1|1,1.0,1.0,1.0,1.0,1.0
hyper_base,Q-DOC05-FACT-006,grade>=2,2,2|1|1|1|1,1.0,1.0,0.0,1.0,0.469279
hyper_base,Q-DOC05-FACT-007,grade>=2,1,1|2|1|1|1,0.0,1.0,0.0,0.5,0.386853
hyper_base,Q-DOC05-FACT-008,grade>=2,1,1|1|2|1|1,0.0,1.0,0.0,0.333333,0.5
hyper_base,Q-DOC06-FACT-001,grade>=2,2,2|1|0|0|0,1.0,1.0,0.0,1.0,1.0
hyper_base,Q-DOC06-FACT-002,grade>=2,2,2|1|0|1|0,1.0,1.0,0.0,1.0,0.469279
hyper_base,Q-DOC06-FACT-003,grade>=2,1,1|1|1|1|0,0.0,0.0,0.0,0.0,0.0
hyper_base,Q-DOC06-FACT-004,grade>=2,1,1|1|0|0|1,0.0,0.0,0.0,0.0,0.0
hyper_base,Q-DOC06-FACT-005,grade>=2,2,2|0|1|0|1,1.0,1.0,0.0,1.0,0.613147
hyper_base,Q-DOC06-FACT-006,grade>=2,0,0|1|0|1|1,0.0,0.0,0.0,0.0,0.0
hyper_base,Q-DOC06-FACT-007,grade>=2,1,1|1|1|1|1,0.0,0.0,0.0,0.0,0.0
hyper_base,Q-DOC06-FACT-008,grade>=2,2,2|1|0|1|0,1.0,1.0,0.0,1.0,0.469279
hyper_base,Q-DOC07-FACT-001,grade>=2,1,1|1|3|2|2,0.0,1.0,1.0,0.333333,0.572761
hyper_base,Q-DOC07-FACT-002,grade>=2,1,1|1|3|2|2,0.0,1.0,1.0,0.333333,0.572761
hyper_base,Q-DOC07-FACT-003,grade>=2,0,0|1|3|1|1,0.0,1.0,1.0,0.333333,0.5
hyper_base,Q-DOC07-FACT-004,grade>=2,1,1|1|2|2|2,0.0,1.0,0.0,0.333333,0.618289
hyper_base,Q-DOC07-FACT-005,grade>=2,1,1|3|1|1|0,0.0,1.0,1.0,0.5,0.63093
hyper_base,Q-DOC07-FACT-006,grade>=2,2,2|1|0|0|0,1.0,1.0,0.0,1.0,1.0
hyper_base,Q-DOC07-FACT-007,grade>=2,0,0|0|1|1|1,0.0,0.0,0.0,0.0,0.0
hyper_base,Q-DOC07-FACT-008,grade>=2,3,3|2|1|1|0,1.0,1.0,1.0,1.0,0.855669
hyper_base,Q-DOC07-FACT-009,grade>=2,0,0|0|1|1|1,0.0,0.0,0.0,0.0,0.0
hyper_base,Q-DOC07-FACT-010,grade>=2,2,2|1|1|0|1,1.0,1.0,0.0,1.0,0.613147
hyper_base,Q-DOC07-FACT-011,grade>=2,1,1|1|1|1|1,0.0,0.0,0.0,0.0,0.0
hyper_base,Q-DOC07-FACT-012,grade>=2,1,1|1|1|1|1,0.0,0.0,0.0,0.142857,0.0
hyper_base,Q-DOC08-FACT-001,grade>=2,1,1|1|1|1|0,0.0,0.0,0.0,0.0,0.0
hyper_base,Q-DOC08-FACT-002,grade>=2,1,1|2|1|1|1,0.0,1.0,0.0,0.5,0.63093
hyper_base,Q-DOC08-FACT-003,grade>=2,1,1|2|1|1|1,0.0,1.0,0.0,0.5,0.63093
hyper_base,Q-DOC08-FACT-004,grade>=2,1,1|2|1|1|0,0.0,1.0,0.0,0.5,0.63093
hyper_base,Q-DOC08-FACT-005,grade>=2,1,1|0|1|1|0,0.0,0.0,0.0,0.0,0.0
hyper_base,Q-DOC08-FACT-006,grade>=2,0,0|1|1|0|1,0.0,0.0,0.0,0.0,0.0
hyper_base,Q-DOC08-FACT-007,grade>=2,1,1|1|1|0|1,0.0,0.0,0.0,0.0,0.0
hyper_base,Q-DOC08-FACT-008,grade>=2,2,2|2|1|1|1,1.0,1.0,0.0,1.0,0.765361
hyper_base,Q-DOC08-FACT-009,grade>=2,1,1|2|1|1|2,0.0,1.0,0.0,0.5,0.624051
hyper_base,Q-DOC08-FACT-010,grade>=2,1,1|0|0|0|0,0.0,0.0,0.0,0.0,0.0
hyper_base,Q-DOC08-FACT-011,grade>=2,1,1|0|1|1|0,0.0,0.0,0.0,0.0,0.0
hyper_base,Q-DOC08-FACT-012,grade>=2,1,1|1|0|0|0,0.0,0.0,0.0,0.0,0.0
hyper_base,Q-DOC09-FACT-001,grade>=2,1,1|1|1|1|1,0.0,0.0,0.0,0.0,0.0
hyper_base,Q-DOC09-FACT-002,grade>=2,1,1|1|1|0|0,0.0,0.0,0.0,0.0,0.0
hyper_base,Q-DOC09-FACT-003,grade>=2,1,1|1|1|1|1,0.0,0.0,0.0,0.0,0.0
hyper_base,Q-DOC09-FACT-004,grade>=2,1,1|0|0|0|0,0.0,0.0,0.0,0.0,0.0
hyper_base,Q-DOC09-FACT-005,grade>=2,2,2|1|1|1|1,1.0,1.0,0.0,1.0,0.613147
hyper_base,Q-DOC09-FACT-006,grade>=2,1,1|1|1|1|1,0.0,0.0,0.0,0.0,0.0
hyper_base,Q-DOC09-FACT-007,grade>=2,0,0|1|2|1|1,0.0,1.0,0.0,0.333333,0.5
hyper_base,Q-DOC09-FACT-008,grade>=2,2,2|0|0|0|1,1.0,1.0,0.0,1.0,1.0
hyper_base,Q-DOC09-FACT-009,grade>=2,1,1|0|0|1|1,0.0,0.0,0.0,0.0,0.0
hyper_base,Q-DOC09-FACT-010,grade>=2,1,1|1|1|1|1,0.0,0.0,0.0,0.166667,0.0
hyper_base,Q-DOC09-FACT-011,grade>=2,1,1|0|0|0|0,0.0,0.0,0.0,0.0,0.0
hyper_base,Q-DOC09-FACT-012,grade>=2,1,1|0|0|0|0,0.0,0.0,0.0,0.090909,0.0
hyper_base,Q-DOC09-FACT-013,grade>=2,0,0|1|1|1|1,0.0,0.0,0.0,0.0,0.0
hyper_base,Q-DOC09-FACT-014,grade>=2,2,2|1|1|0|0,1.0,1.0,0.0,1.0,1.0
hyper_base,Q-DOC09-FACT-015,grade>=2,1,1|1|1|1|1,0.0,0.0,0.0,0.0,0.0
hyper_base,Q-DOC10-FACT-001,grade>=2,1,1|1|1|1|1,0.0,0.0,0.0,0.0,0.0
hyper_base,Q-DOC10-FACT-002,grade>=2,1,1|2|0|1|0,0.0,1.0,0.0,0.5,0.182125
hyper_base,Q-DOC10-FACT-003,grade>=2,0,0|1|0|1|0,0.0,0.0,0.0,0.0,0.0
hyper_base,Q-DOC10-FACT-004,grade>=2,1,1|1|0|0|0,0.0,0.0,0.0,0.05,0.0
hyper_base,Q-DOC10-FACT-005,grade>=2,1,1|0|0|0|1,0.0,0.0,0.0,0.142857,0.0
hyper_base,Q-DOC10-FACT-006,grade>=2,3,3|2|2|1|2,1.0,1.0,1.0,1.0,0.899417
hyper_base,Q-DOC10-FACT-007,grade>=2,1,1|1|1|1|1,0.0,0.0,0.0,0.142857,0.0
hyper_base,Q-DOC10-FACT-008,grade>=2,3,3|1|2|2|2,1.0,1.0,1.0,1.0,0.852648
hyper_base,Q-DOC10-FACT-009,grade>=2,3,3|1|1|1|0,1.0,1.0,1.0,1.0,0.787155
hyper_base,Q-DOC10-FACT-010,grade>=2,1,1|1|1|1|1,0.0,0.0,0.0,0.0,0.0
hyper_base,Q-DOC10-FACT-011,grade>=2,3,3|3|3|3|3,1.0,1.0,1.0,1.0,1.0
hyper_base,Q-DOC10-FACT-012,grade>=2,3,3|2|2|2|2,1.0,1.0,1.0,1.0,1.0
hyper_base,Q-DOC10-FACT-013,grade>=2,3,3|3|3|3|3,1.0,1.0,1.0,1.0,1.0
hyper_base,Q-DOC10-FACT-014,grade>=2,2,2|2|2|2|2,1.0,1.0,0.0,1.0,1.0
hyper_base,Q-DOC10-FACT-015,grade>=2,3,3|1|1|1|1,1.0,1.0,1.0,1.0,0.787155
hyper_base,Q-DOC03-FACT-011,grade>=2,1,1|0|0|3|3,0.0,1.0,1.0,0.25,0.501266
hyper_base,Q-DOC03-FACT-012,grade>=2,2,2|1|1|1|1,1.0,1.0,0.0,1.0,0.613147
hyper_base,Q-DOC03-FACT-013,grade>=2,2,2|2|1|1|1,1.0,1.0,0.0,1.0,0.765361
hyper_base,Q-DOC03-FACT-014,grade>=2,2,2|0|1|1|0,1.0,1.0,0.0,1.0,0.232261
hyper_base,Q-DOC03-FACT-015,grade>=2,0,0|0|0|1|1,0.0,0.0,0.0,0.0,0.0
hyper_base,Q-DOC04-FACT-011,grade>=2,1,1|1|1|1|0,0.0,0.0,0.0,0.0,0.0
hyper_base,Q-DOC04-FACT-012,grade>=2,2,2|1|1|1|1,1.0,1.0,0.0,1.0,1.0
hyper_base,Q-DOC04-FACT-013,grade>=2,1,1|1|2|2|1,0.0,1.0,0.0,0.333333,0.436747
hyper_base,Q-DOC04-FACT-014,grade>=2,1,1|1|1|1|1,0.0,0.0,0.0,0.0,0.0
hyper_base,Q-DOC04-FACT-015,grade>=2,1,1|1|1|1|1,0.0,0.0,0.0,0.0,0.0
hyper_base,Q-DOC05-FACT-009,grade>=2,2,2|2|2|1|1,1.0,1.0,0.0,1.0,1.0
hyper_base,Q-DOC05-FACT-010,grade>=2,1,1|1|1|1|1,0.0,0.0,0.0,0.0,0.0
hyper_base,Q-DOC05-FACT-011,grade>=2,2,2|1|2|1|1,1.0,1.0,0.0,1.0,0.919721
hyper_base,Q-DOC05-FACT-012,grade>=2,2,2|1|1|1|1,1.0,1.0,0.0,1.0,1.0
hyper_base,Q-DOC05-FACT-013,grade>=2,1,1|2|1|1|1,0.0,1.0,0.0,0.5,0.386853
hyper_base,Q-DOC06-FACT-009,grade>=2,1,1|0|0|0|0,0.0,0.0,0.0,0.0,0.0
hyper_base,Q-DOC06-FACT-010,grade>=2,0,0|0|0|1|0,0.0,0.0,0.0,0.0,0.0
hyper_base,Q-DOC06-FACT-011,grade>=2,0,0|0|0|0|1,0.0,0.0,0.0,0.0,0.0
hyper_base,Q-DOC06-FACT-012,grade>=2,1,1|1|1|0|1,0.0,0.0,0.0,0.0,0.0
hyper_base,Q-DOC06-FACT-013,grade>=2,0,0|1|1|1|0,0.0,0.0,0.0,0.0,0.0
hyper_base,Q-DOC07-FACT-013,grade>=2,1,1|0|0|0|0,0.0,0.0,0.0,0.0,0.0
hyper_base,Q-DOC07-FACT-014,grade>=2,1,1|0|0|0|0,0.0,0.0,0.0,0.0,0.0
hyper_base,Q-DOC07-FACT-015,grade>=2,1,1|0|0|0|0,0.0,0.0,0.0,0.0,0.0
hyper_base,Q-DOC07-FACT-016,grade>=2,0,0|1|0|0|0,0.0,0.0,0.0,0.0,0.0
hyper_base,Q-DOC07-FACT-017,grade>=2,0,0|2|0|1|0,0.0,1.0,0.0,0.5,0.386853
hyper_base,Q-DOC08-FACT-013,grade>=2,0,0|0|0|0|0,0.0,0.0,0.0,0.0,0.0
hyper_base,Q-DOC08-FACT-014,grade>=2,0,0|0|0|0|0,0.0,0.0,0.0,0.0,0.0
hyper_base,Q-DOC08-FACT-015,grade>=2,0,0|0|0|0|0,0.0,0.0,0.0,0.0,0.0
hyper_base,Q-DOC08-FACT-016,grade>=2,0,0|0|0|1|0,0.0,0.0,0.0,0.0,0.0
hyper_base,Q-DOC08-FACT-017,grade>=2,0,0|0|0|0|0,0.0,0.0,0.0,0.0,0.0
hyper_base,Q-DOC09-FACT-016,grade>=2,1,1|1|1|1|1,0.0,0.0,0.0,0.0,0.0
hyper_base,Q-DOC09-FACT-017,grade>=2,1,1|1|0|0|0,0.0,0.0,0.0,0.0,0.0
hyper_base,Q-DOC09-FACT-018,grade>=2,1,1|0|0|0|0,0.0,0.0,0.0,0.0,0.0
hyper_base,Q-DOC09-FACT-019,grade>=2,1,1|1|1|0|0,0.0,0.0,0.0,0.0,0.0
hyper_base,Q-DOC09-FACT-020,grade>=2,0,0|0|1|0|0,0.0,0.0,0.0,0.0,0.0
hyper_base,Q-DOC10-FACT-016,grade>=2,3,3|1|1|1|1,1.0,1.0,1.0,1.0,0.544943
hyper_base,Q-DOC10-FACT-017,grade>=2,2,2|1|2|2|2,1.0,1.0,0.0,1.0,0.786014
hyper_base,Q-DOC10-FACT-018,grade>=2,1,1|1|1|1|1,0.0,0.0,0.0,0.0,0.0
hyper_base,Q-DOC10-FACT-019,grade>=2,0,0|0|1|1|0,0.0,0.0,0.0,0.0,0.0
hyper_base,Q-DOC10-FACT-020,grade>=2,3,3|3|3|3|2,1.0,1.0,1.0,1.0,0.925026
hyper_final,Q-DOC01-FACT-001,grade>=2,1,1|1|1|1|1,0.0,0.0,0.0,0.1,0.0
hyper_final,Q-DOC01-FACT-002,grade>=2,1,1|1|2|1|1,0.0,1.0,0.0,0.333333,0.5
hyper_final,Q-DOC01-FACT-003,grade>=2,1,1|1|1|1|1,0.0,0.0,0.0,0.111111,0.0
hyper_final,Q-DOC01-FACT-004,grade>=2,1,1|1|1|1|1,0.0,0.0,0.0,0.125,0.0
hyper_final,Q-DOC01-FACT-005,grade>=2,0,0|0|1|1|1,0.0,0.0,0.0,0.125,0.0
hyper_final,Q-DOC01-FACT-006,grade>=2,0,0|0|1|1|0,0.0,0.0,0.0,0.166667,0.0
hyper_final,Q-DOC01-FACT-007,grade>=2,2,2|1|1|3|2,1.0,1.0,1.0,1.0,0.466865
hyper_final,Q-DOC01-FACT-008,grade>=2,0,0|0|0|0|0,0.0,0.0,0.0,0.1,0.0
hyper_final,Q-DOC01-FACT-009,grade>=2,0,0|0|0|0|2,0.0,1.0,0.0,0.2,0.131205
hyper_final,Q-DOC01-FACT-010,grade>=2,1,1|1|1|1|1,0.0,0.0,0.0,0.111111,0.0
hyper_final,Q-DOC01-FACT-011,grade>=2,1,1|1|1|1|2,0.0,1.0,0.0,0.2,0.237198
hyper_final,Q-DOC01-FACT-012,grade>=2,1,1|1|1|0|0,0.0,0.0,0.0,0.1,0.0
hyper_final,Q-DOC01-FACT-013,grade>=2,0,0|0|0|0|0,0.0,0.0,0.0,0.071429,0.0
hyper_final,Q-DOC01-FACT-014,grade>=2,1,1|1|3|0|0,0.0,1.0,1.0,0.333333,0.336772
hyper_final,Q-DOC01-FACT-015,grade>=2,3,3|1|1|1|1,1.0,1.0,1.0,1.0,0.544943
hyper_final,Q-DOC01-FACT-016,grade>=2,1,1|1|1|0|0,0.0,0.0,0.0,0.0,0.0
hyper_final,Q-DOC01-FACT-017,grade>=2,2,2|3|3|2|2,1.0,1.0,1.0,1.0,0.869869
hyper_final,Q-DOC01-FACT-018,grade>=2,3,3|2|3|2|2,1.0,1.0,1.0,1.0,0.965924
hyper_final,Q-DOC01-FACT-019,grade>=2,3,3|2|2|3|2,1.0,1.0,1.0,1.0,0.947882
hyper_final,Q-DOC01-FACT-020,grade>=2,3,3|0|2|2|2,1.0,1.0,1.0,1.0,0.630579
hyper_final,Q-DOC01-FACT-021,grade>=2,1,1|1|1|1|1,0.0,0.0,0.0,0.0,0.0
hyper_final,Q-DOC01-FACT-022,grade>=2,1,1|0|0|0|0,0.0,0.0,0.0,0.066667,0.0
hyper_final,Q-DOC01-FACT-023,grade>=2,2,2|2|2|1|0,1.0,1.0,0.0,1.0,0.722727
hyper_final,Q-DOC01-FACT-024,grade>=2,0,0|0|1|0|0,0.0,0.0,0.0,0.0,0.0
hyper_final,Q-DOC01-FACT-025,grade>=2,0,0|0|1|0|0,0.0,0.0,0.0,0.166667,0.0
hyper_final,Q-DOC02-FACT-001,grade>=2,1,1|2|1|1|1,0.0,1.0,0.0,0.5,0.213986
hyper_final,Q-DOC02-FACT-002,grade>=2,1,1|2|1|1|1,0.0,1.0,0.0,0.5,0.246302
hyper_final,Q-DOC02-FACT-003,grade>=2,3,3|3|3|3|3,1.0,1.0,1.0,1.0,1.0
hyper_final,Q-DOC02-FACT-004,grade>=2,1,1|1|2|1|1,0.0,1.0,0.0,0.333333,0.306574
hyper_final,Q-DOC02-FACT-005,grade>=2,1,1|1|1|1|1,0.0,0.0,0.0,0.090909,0.0
hyper_final,Q-DOC02-FACT-006,grade>=2,1,1|1|1|1|1,0.0,0.0,0.0,0.0,0.0
hyper_final,Q-DOC02-FACT-007,grade>=2,1,1|1|1|1|1,0.0,0.0,0.0,0.166667,0.0
hyper_final,Q-DOC02-FACT-008,grade>=2,1,1|1|1|1|1,0.0,0.0,0.0,0.142857,0.0
hyper_final,Q-DOC02-FACT-009,grade>=2,2,2|2|2|2|2,1.0,1.0,0.0,1.0,1.0
hyper_final,Q-DOC02-FACT-010,grade>=2,0,0|0|0|0|0,0.0,0.0,0.0,0.090909,0.0
hyper_final,Q-DOC02-FACT-011,grade>=2,1,1|1|1|1|0,0.0,0.0,0.0,0.0,0.0
hyper_final,Q-DOC02-FACT-012,grade>=2,2,2|2|2|2|2,1.0,1.0,0.0,1.0,1.0
hyper_final,Q-DOC02-FACT-013,grade>=2,1,1|1|1|1|1,0.0,0.0,0.0,0.0,0.0
hyper_final,Q-DOC02-FACT-014,grade>=2,0,0|2|0|0|0,0.0,1.0,0.0,0.5,0.246302
hyper_final,Q-DOC02-FACT-015,grade>=2,1,1|2|2|2|2,0.0,1.0,0.0,0.5,0.66084
hyper_final,Q-DOC02-FACT-016,grade>=2,1,1|1|1|1|1,0.0,0.0,0.0,0.0,0.0
hyper_final,Q-DOC02-FACT-017,grade>=2,3,3|3|3|3|3,1.0,1.0,1.0,1.0,1.0
hyper_final,Q-DOC02-FACT-018,grade>=2,2,2|2|2|2|2,1.0,1.0,0.0,1.0,1.0
hyper_final,Q-DOC02-FACT-019,grade>=2,3,3|1|1|1|1,1.0,1.0,1.0,1.0,0.544943
hyper_final,Q-DOC02-FACT-020,grade>=2,0,0|0|0|1|0,0.0,0.0,0.0,0.0,0.0
hyper_final,Q-DOC02-FACT-021,grade>=2,1,1|0|0|0|0,0.0,0.0,0.0,0.0,0.0
hyper_final,Q-DOC02-FACT-022,grade>=2,1,1|1|1|1|1,0.0,0.0,0.0,0.0,0.0
hyper_final,Q-DOC02-FACT-023,grade>=2,1,1|1|1|0|1,0.0,0.0,0.0,0.125,0.0
hyper_final,Q-DOC02-FACT-024,grade>=2,3,3|2|2|2|1,1.0,1.0,1.0,1.0,0.76028
hyper_final,Q-DOC02-FACT-025,grade>=2,1,1|1|2|1|0,0.0,1.0,0.0,0.333333,0.5
hyper_final,Q-DOC03-FACT-001,grade>=2,3,3|2|1|1|1,1.0,1.0,1.0,1.0,1.0
hyper_final,Q-DOC03-FACT-002,grade>=2,1,1|2|2|1|1,0.0,1.0,0.0,0.5,0.530721
hyper_final,Q-DOC03-FACT-003,grade>=2,1,1|1|1|1|1,0.0,0.0,0.0,0.0,0.0
hyper_final,Q-DOC03-FACT-004,grade>=2,1,1|1|1|1|1,0.0,0.0,0.0,0.0,0.0
hyper_final,Q-DOC03-FACT-005,grade>=2,2,2|2|2|2|2,1.0,1.0,0.0,1.0,1.0
hyper_final,Q-DOC03-FACT-006,grade>=2,2,2|2|1|0|0,1.0,1.0,0.0,1.0,1.0
hyper_final,Q-DOC03-FACT-007,grade>=2,1,1|2|2|1|1,0.0,1.0,0.0,0.5,0.693426
hyper_final,Q-DOC03-FACT-008,grade>=2,1,1|0|1|1|1,0.0,0.0,0.0,0.0,0.0
hyper_final,Q-DOC03-FACT-009,grade>=2,1,1|1|1|1|1,0.0,0.0,0.0,0.142857,0.0
hyper_final,Q-DOC03-FACT-010,grade>=2,1,1|1|1|1|1,0.0,0.0,0.0,0.0,0.0
hyper_final,Q-DOC04-FACT-001,grade>=2,1,1|0|1|1|2,0.0,1.0,0.0,0.2,0.386853
hyper_final,Q-DOC04-FACT-002,grade>=2,0,0|0|0|0|0,0.0,0.0,0.0,0.0,0.0
hyper_final,Q-DOC04-FACT-003,grade>=2,1,1|1|2|1|0,0.0,1.0,0.0,0.333333,0.5
hyper_final,Q-DOC04-FACT-004,grade>=2,0,0|2|1|0|0,0.0,1.0,0.0,0.5,0.63093
hyper_final,Q-DOC04-FACT-005,grade>=2,0,0|0|2|2|1,0.0,1.0,0.0,0.333333,0.363318
hyper_final,Q-DOC04-FACT-006,grade>=2,1,1|1|0|0|1,0.0,0.0,0.0,0.0,0.0
hyper_final,Q-DOC04-FACT-007,grade>=2,1,1|1|1|1|0,0.0,0.0,0.0,0.0,0.0
hyper_final,Q-DOC04-FACT-008,grade>=2,1,1|1|2|1|0,0.0,1.0,0.0,0.333333,0.19519
hyper_final,Q-DOC04-FACT-009,grade>=2,1,1|1|0|0|0,0.0,0.0,0.0,0.125,0.0
hyper_final,Q-DOC04-FACT-010,grade>=2,0,0|0|0|2|0,0.0,1.0,0.0,0.25,0.202107
hyper_final,Q-DOC05-FACT-001,grade>=2,1,1|1|0|0|0,0.0,0.0,0.0,0.125,0.0
hyper_final,Q-DOC05-FACT-002,grade>=2,1,1|1|0|0|0,0.0,0.0,0.0,0.111111,0.0
hyper_final,Q-DOC05-FACT-003,grade>=2,0,0|1|1|0|0,0.0,0.0,0.0,0.0,0.0
hyper_final,Q-DOC05-FACT-004,grade>=2,1,1|1|1|1|1,0.0,0.0,0.0,0.076923,0.0
hyper_final,Q-DOC05-FACT-005,grade>=2,3,3|1|1|0|0,1.0,1.0,1.0,1.0,1.0
hyper_final,Q-DOC05-FACT-006,grade>=2,1,1|1|1|2|1,0.0,1.0,0.0,0.25,0.264068
hyper_final,Q-DOC05-FACT-007,grade>=2,1,1|1|1|1|1,0.0,0.0,0.0,0.111111,0.0
hyper_final,Q-DOC05-FACT-008,grade>=2,1,1|1|1|1|0,0.0,0.0,0.0,0.076923,0.0
hyper_final,Q-DOC06-FACT-001,grade>=2,1,1|1|1|1|0,0.0,0.0,0.0,0.0,0.0
hyper_final,Q-DOC06-FACT-002,grade>=2,1,1|1|1|1|0,0.0,0.0,0.0,0.1,0.0
hyper_final,Q-DOC06-FACT-003,grade>=2,0,0|0|0|0|1,0.0,0.0,0.0,0.0,0.0
hyper_final,Q-DOC06-FACT-004,grade>=2,0,0|0|0|0|0,0.0,0.0,0.0,0.0,0.0
hyper_final,Q-DOC06-FACT-005,grade>=2,1,1|1|1|1|1,0.0,0.0,0.0,0.1,0.0
hyper_final,Q-DOC06-FACT-006,grade>=2,1,1|0|0|0|1,0.0,0.0,0.0,0.0,0.0
hyper_final,Q-DOC06-FACT-007,grade>=2,0,0|0|0|0|0,0.0,0.0,0.0,0.0,0.0
hyper_final,Q-DOC06-FACT-008,grade>=2,1,1|1|1|1|0,0.0,0.0,0.0,0.111111,0.0
hyper_final,Q-DOC07-FACT-001,grade>=2,1,1|1|1|1|3,0.0,1.0,1.0,0.2,0.304513
hyper_final,Q-DOC07-FACT-002,grade>=2,1,1|1|1|1|1,0.0,0.0,0.0,0.125,0.0
hyper_final,Q-DOC07-FACT-003,grade>=2,0,0|0|1|1|0,0.0,0.0,0.0,0.125,0.0
hyper_final,Q-DOC07-FACT-004,grade>=2,2,2|1|1|1|1,1.0,1.0,0.0,1.0,0.469279
hyper_final,Q-DOC07-FACT-005,grade>=2,0,0|0|0|2|0,0.0,1.0,0.0,0.25,0.264068
hyper_final,Q-DOC07-FACT-006,grade>=2,0,0|0|0|0|0,0.0,0.0,0.0,0.142857,0.0
hyper_final,Q-DOC07-FACT-007,grade>=2,0,0|1|0|0|2,0.0,1.0,0.0,0.2,0.386853
hyper_final,Q-DOC07-FACT-008,grade>=2,1,1|1|1|1|1,0.0,0.0,0.0,0.125,0.0
hyper_final,Q-DOC07-FACT-009,grade>=2,1,1|0|0|0|2,0.0,1.0,0.0,0.2,0.386853
hyper_final,Q-DOC07-FACT-010,grade>=2,1,1|1|1|1|2,0.0,1.0,0.0,0.2,0.386853
hyper_final,Q-DOC07-FACT-011,grade>=2,1,1|1|2|2|1,0.0,1.0,0.0,0.333333,0.436747
hyper_final,Q-DOC07-FACT-012,grade>=2,2,2|0|2|0|1,1.0,1.0,0.0,1.0,0.919721
hyper_final,Q-DOC08-FACT-001,grade>=2,1,1|1|1|2|1,0.0,1.0,0.0,0.25,0.430677
hyper_final,Q-DOC08-FACT-002,grade>=2,0,0|0|1|1|1,0.0,0.0,0.0,0.111111,0.0
hyper_final,Q-DOC08-FACT-003,grade>=2,0,0|1|2|0|0,0.0,1.0,0.0,0.333333,0.306574
hyper_final,Q-DOC08-FACT-004,grade>=2,0,0|1|2|0|0,0.0,1.0,0.0,0.333333,0.306574
hyper_final,Q-DOC08-FACT-005,grade>=2,1,1|0|1|0|0,0.0,0.0,0.0,0.0,0.0
hyper_final,Q-DOC08-FACT-006,grade>=2,0,0|1|0|0|0,0.0,0.0,0.0,0.0,0.0
hyper_final,Q-DOC08-FACT-007,grade>=2,1,1|1|0|1|1,0.0,0.0,0.0,0.0,0.0
hyper_final,Q-DOC08-FACT-008,grade>=2,1,1|2|1|1|1,0.0,1.0,0.0,0.5,0.386853
hyper_final,Q-DOC08-FACT-009,grade>=2,3,3|1|1|1|0,1.0,1.0,1.0,1.0,0.787155
hyper_final,Q-DOC08-FACT-010,grade>=2,0,0|2|0|1|1,0.0,1.0,0.0,0.5,0.63093
hyper_final,Q-DOC08-FACT-011,grade>=2,1,1|1|2|1|1,0.0,1.0,0.0,0.333333,0.5
hyper_final,Q-DOC08-FACT-012,grade>=2,0,0|0|0|0|0,0.0,0.0,0.0,0.0,0.0
hyper_final,Q-DOC09-FACT-001,grade>=2,3,3|1|2|2|2,1.0,1.0,1.0,1.0,0.712637
hyper_final,Q-DOC09-FACT-002,grade>=2,2,2|2|2|2|1,1.0,1.0,0.0,1.0,0.868795
hyper_final,Q-DOC09-FACT-003,grade>=2,1,1|1|1|0|0,0.0,0.0,0.0,0.0,0.0
hyper_final,Q-DOC09-FACT-004,grade>=2,1,1|2|1|0|1,0.0,1.0,0.0,0.5,0.63093
hyper_final,Q-DOC09-FACT-005,grade>=2,3,3|2|1|1|1,1.0,1.0,1.0,1.0,0.761055
hyper_final,Q-DOC09-FACT-006,grade>=2,1,1|1|1|0|0,0.0,0.0,0.0,0.0,0.0
hyper_final,Q-DOC09-FACT-007,grade>=2,1,1|3|1|0|1,0.0,1.0,1.0,0.5,0.386853
hyper_final,Q-DOC09-FACT-008,grade>=2,3,3|1|1|3|1,1.0,1.0,1.0,1.0,0.617868
hyper_final,Q-DOC09-FACT-009,grade>=2,1,1|1|2|1|1,0.0,1.0,0.0,0.333333,0.5
hyper_final,Q-DOC09-FACT-010,grade>=2,1,1|3|3|2|1,0.0,1.0,1.0,0.5,0.712928
hyper_final,Q-DOC09-FACT-011,grade>=2,1,1|0|1|1|0,0.0,0.0,0.0,0.0,0.0
hyper_final,Q-DOC09-FACT-012,grade>=2,2,2|1|1|1|1,1.0,1.0,0.0,1.0,1.0
hyper_final,Q-DOC09-FACT-013,grade>=2,3,3|1|1|1|1,1.0,1.0,1.0,1.0,0.541942
hyper_final,Q-DOC09-FACT-014,grade>=2,2,2|3|1|1|1,1.0,1.0,1.0,1.0,0.574188
hyper_final,Q-DOC09-FACT-015,grade>=2,3,3|1|1|1|0,1.0,1.0,1.0,1.0,1.0
hyper_final,Q-DOC10-FACT-001,grade>=2,1,1|1|1|1|1,0.0,0.0,0.0,0.125,0.0
hyper_final,Q-DOC10-FACT-002,grade>=2,1,1|1|1|1|0,0.0,0.0,0.0,0.0,0.0
hyper_final,Q-DOC10-FACT-003,grade>=2,1,1|1|1|1|0,0.0,0.0,0.0,0.0,0.0
hyper_final,Q-DOC10-FACT-004,grade>=2,0,0|1|0|0|0,0.0,0.0,0.0,0.0,0.0
hyper_final,Q-DOC10-FACT-005,grade>=2,1,1|1|1|1|1,0.0,0.0,0.0,0.055556,0.0
hyper_final,Q-DOC10-FACT-006,grade>=2,0,0|0|2|0|0,0.0,1.0,0.0,0.333333,0.5
hyper_final,Q-DOC10-FACT-007,grade>=2,1,1|1|1|0|0,0.0,0.0,0.0,0.0,0.0
hyper_final,Q-DOC10-FACT-008,grade>=2,3,3|0|0|0|0,1.0,1.0,1.0,1.0,1.0
hyper_final,Q-DOC10-FACT-009,grade>=2,0,0|0|0|0|0,0.0,0.0,0.0,0.0,0.0
hyper_final,Q-DOC10-FACT-010,grade>=2,0,0|0|1|0|1,0.0,0.0,0.0,0.0,0.0
hyper_final,Q-DOC10-FACT-011,grade>=2,3,3|0|2|2|0,1.0,1.0,1.0,1.0,0.7623
hyper_final,Q-DOC10-FACT-012,grade>=2,0,0|0|2|0|0,0.0,1.0,0.0,0.333333,0.5
hyper_final,Q-DOC10-FACT-013,grade>=2,3,3|0|0|2|2,1.0,1.0,1.0,1.0,0.808963
hyper_final,Q-DOC10-FACT-014,grade>=2,0,0|0|0|0|2,0.0,1.0,0.0,0.2,0.386853
hyper_final,Q-DOC10-FACT-015,grade>=2,1,1|1|1|0|0,0.0,0.0,0.0,0.0,0.0
hyper_final,Q-DOC03-FACT-011,grade>=2,0,0|0|0|1|0,0.0,0.0,0.0,0.125,0.0
hyper_final,Q-DOC03-FACT-012,grade>=2,2,2|2|1|1|1,1.0,1.0,0.0,1.0,1.0
hyper_final,Q-DOC03-FACT-013,grade>=2,2,2|2|1|1|0,1.0,1.0,0.0,1.0,1.0
hyper_final,Q-DOC03-FACT-014,grade>=2,1,1|1|1|1|1,0.0,0.0,0.0,0.090909,0.0
hyper_final,Q-DOC03-FACT-015,grade>=2,1,1|0|0|1|1,0.0,0.0,0.0,0.0,0.0
hyper_final,Q-DOC04-FACT-011,grade>=2,0,0|1|1|1|1,0.0,0.0,0.0,0.0,0.0
hyper_final,Q-DOC04-FACT-012,grade>=2,0,0|2|2|1|0,0.0,1.0,0.0,0.5,0.693426
hyper_final,Q-DOC04-FACT-013,grade>=2,1,1|1|2|1|1,0.0,1.0,0.0,0.333333,0.19519
hyper_final,Q-DOC04-FACT-014,grade>=2,0,0|1|1|0|0,0.0,0.0,0.0,0.0,0.0
hyper_final,Q-DOC04-FACT-015,grade>=2,1,1|2|0|1|1,0.0,1.0,0.0,0.5,0.63093
hyper_final,Q-DOC05-FACT-009,grade>=2,1,1|1|1|0|0,0.0,0.0,0.0,0.142857,0.0
hyper_final,Q-DOC05-FACT-010,grade>=2,0,0|1|0|0|1,0.0,0.0,0.0,0.0,0.0
hyper_final,Q-DOC05-FACT-011,grade>=2,1,1|1|1|1|1,0.0,0.0,0.0,0.0625,0.0
hyper_final,Q-DOC05-FACT-012,grade>=2,2,2|1|1|0|0,1.0,1.0,0.0,1.0,1.0
hyper_final,Q-DOC05-FACT-013,grade>=2,1,1|1|0|1|1,0.0,0.0,0.0,0.125,0.0
hyper_final,Q-DOC06-FACT-009,grade>=2,1,1|1|0|0|0,0.0,0.0,0.0,0.0,0.0
hyper_final,Q-DOC06-FACT-010,grade>=2,1,1|0|0|0|0,0.0,0.0,0.0,0.0,0.0
hyper_final,Q-DOC06-FACT-011,grade>=2,0,0|0|0|0|0,0.0,0.0,0.0,0.0,0.0
hyper_final,Q-DOC06-FACT-012,grade>=2,1,1|1|1|1|1,0.0,0.0,0.0,0.0,0.0
hyper_final,Q-DOC06-FACT-013,grade>=2,1,1|1|0|0|0,0.0,0.0,0.0,0.0,0.0
hyper_final,Q-DOC07-FACT-013,grade>=2,1,1|0|0|0|0,0.0,0.0,0.0,0.0,0.0
hyper_final,Q-DOC07-FACT-014,grade>=2,0,0|0|0|0|0,0.0,0.0,0.0,0.0,0.0
hyper_final,Q-DOC07-FACT-015,grade>=2,1,1|0|0|1|0,0.0,0.0,0.0,0.0,0.0
hyper_final,Q-DOC07-FACT-016,grade>=2,1,1|1|1|0|0,0.0,0.0,0.0,0.0,0.0
hyper_final,Q-DOC07-FACT-017,grade>=2,1,1|1|0|0|0,0.0,0.0,0.0,0.0,0.0
hyper_final,Q-DOC08-FACT-013,grade>=2,0,0|2|1|0|0,0.0,1.0,0.0,0.5,0.63093
hyper_final,Q-DOC08-FACT-014,grade>=2,0,0|2|0|0|1,0.0,1.0,0.0,0.5,0.63093
hyper_final,Q-DOC08-FACT-015,grade>=2,0,0|0|0|0|0,0.0,0.0,0.0,0.0,0.0
hyper_final,Q-DOC08-FACT-016,grade>=2,0,0|0|0|0|0,0.0,0.0,0.0,0.0,0.0
hyper_final,Q-DOC08-FACT-017,grade>=2,0,0|0|0|0|0,0.0,0.0,0.0,0.0,0.0
hyper_final,Q-DOC09-FACT-016,grade>=2,1,1|1|1|0|1,0.0,0.0,0.0,0.0,0.0
hyper_final,Q-DOC09-FACT-017,grade>=2,1,1|1|1|1|1,0.0,0.0,0.0,0.0,0.0
hyper_final,Q-DOC09-FACT-018,grade>=2,0,0|1|1|1|1,0.0,0.0,0.0,0.0,0.0
hyper_final,Q-DOC09-FACT-019,grade>=2,1,1|0|0|0|1,0.0,0.0,0.0,0.0,0.0
hyper_final,Q-DOC09-FACT-020,grade>=2,1,1|1|1|1|0,0.0,0.0,0.0,0.0,0.0
hyper_final,Q-DOC10-FACT-016,grade>=2,1,1|0|0|0|0,0.0,0.0,0.0,0.166667,0.0
hyper_final,Q-DOC10-FACT-017,grade>=2,2,2|0|1|1|0,1.0,1.0,0.0,1.0,1.0
hyper_final,Q-DOC10-FACT-018,grade>=2,0,0|1|0|0|0,0.0,0.0,0.0,0.0,0.0
hyper_final,Q-DOC10-FACT-019,grade>=2,0,0|0|0|0|0,0.0,0.0,0.0,0.0,0.0
hyper_final,Q-DOC10-FACT-020,grade>=2,3,3|0|2|2|0,1.0,1.0,1.0,1.0,0.7623
naive_chunks,Q-DOC01-FACT-001,grade>=2,3,3|2|3|1|1,1.0,1.0,1.0,1.0,0.806345
naive_chunks,Q-DOC01-FACT-002,grade>=2,3,3|1|3|1|1,1.0,1.0,1.0,1.0,0.703918
naive_chunks,Q-DOC01-FACT-003,grade>=2,3,3|3|3|2|3,1.0,1.0,1.0,1.0,0.916532
naive_chunks,Q-DOC01-FACT-004,grade>=2,2,2|3|3|2|2,1.0,1.0,1.0,1.0,0.869869
naive_chunks,Q-DOC01-FACT-005,grade>=2,3,3|3|3|3|2,1.0,1.0,1.0,1.0,0.925026
naive_chunks,Q-DOC01-FACT-006,grade>=2,2,2|3|3|2|2,1.0,1.0,1.0,1.0,0.869869
naive_chunks,Q-DOC01-FACT-007,grade>=2,3,3|3|3|3|2,1.0,1.0,1.0,1.0,0.925026
naive_chunks,Q-DOC01-FACT-008,grade>=2,3,3|3|3|3|2,1.0,1.0,1.0,1.0,0.925026
naive_chunks,Q-DOC01-FACT-009,grade>=2,3,3|3|3|1|3,1.0,1.0,1.0,1.0,0.853932
naive_chunks,Q-DOC01-FACT-010,grade>=2,3,3|3|3|3|2,1.0,1.0,1.0,1.0,0.925026
naive_chunks,Q-DOC01-FACT-011,grade>=2,3,3|3|2|2|2,1.0,1.0,1.0,1.0,1.0
naive_chunks,Q-DOC01-FACT-012,grade>=2,3,3|3|3|1|3,1.0,1.0,1.0,1.0,0.853932
naive_chunks,Q-DOC01-FACT-013,grade>=2,3,3|3|2|0|0,1.0,1.0,1.0,1.0,0.625824
naive_chunks,Q-DOC01-FACT-014,grade>=2,3,3|3|3|3|3,1.0,1.0,1.0,1.0,1.0
naive_chunks,Q-DOC01-FACT-015,grade>=2,3,3|3|3|3|3,1.0,1.0,1.0,1.0,1.0
naive_chunks,Q-DOC01-FACT-016,grade>=2,1,1|3|2|0|0,0.0,1.0,1.0,0.5,0.665315
naive_chunks,Q-DOC01-FACT-017,grade>=2,3,3|3|3|3|3,1.0,1.0,1.0,1.0,1.0
naive_chunks,Q-DOC01-FACT-018,grade>=2,3,3|3|3|3|3,1.0,1.0,1.0,1.0,1.0
naive_chunks,Q-DOC01-FACT-019,grade>=2,3,3|3|3|1|1,1.0,1.0,1.0,1.0,0.781304
naive_chunks,Q-DOC01-FACT-020,grade>=2,3,3|3|1|1|1,1.0,1.0,1.0,1.0,0.765361
naive_chunks,Q-DOC01-FACT-021,grade>=2,3,3|3|3|1|3,1.0,1.0,1.0,1.0,0.853932
naive_chunks,Q-DOC01-FACT-022,grade>=2,3,3|2|3|2|2,1.0,1.0,1.0,1.0,0.965924
naive_chunks,Q-DOC01-FACT-023,grade>=2,3,3|2|3|0|0,1.0,1.0,1.0,1.0,0.806345
naive_chunks,Q-DOC01-FACT-024,grade>=2,3,3|2|1|1|1,1.0,1.0,1.0,1.0,1.0
naive_chunks,Q-DOC01-FACT-025,grade>=2,3,3|2|3|2|2,1.0,1.0,1.0,1.0,0.965924
naive_chunks,Q-DOC02-FACT-001,grade>=2,3,3|0|0|0|0,1.0,1.0,1.0,1.0,1.0
naive_chunks,Q-DOC02-FACT-002,grade>=2,3,3|0|0|1|1,1.0,1.0,1.0,1.0,1.0
naive_chunks,Q-DOC02-FACT-003,grade>=2,3,3|0|1|1|1,1.0,1.0,1.0,1.0,1.0
naive_chunks,Q-DOC02-FACT-004,grade>=2,3,3|1|1|1|1,1.0,1.0,1.0,1.0,1.0
naive_chunks,Q-DOC02-FACT-005,grade>=2,3,3|1|2|2|2,1.0,1.0,1.0,1.0,0.852648
naive_chunks,Q-DOC02-FACT-006,grade>=2,2,2|1|1|1|2,1.0,1.0,0.0,1.0,0.650821
naive_chunks,Q-DOC02-FACT-007,grade>=2,3,3|2|2|1|2,1.0,1.0,1.0,1.0,0.899417
naive_chunks,Q-DOC02-FACT-008,grade>=2,3,3|2|2|2|1,1.0,1.0,1.0,1.0,0.909652
naive_chunks,Q-DOC02-FACT-009,grade>=2,2,2|0|0|0|0,1.0,1.0,0.0,1.0,1.0
naive_chunks,Q-DOC02-FACT-010,grade>=2,3,3|3|3|3|3,1.0,1.0,1.0,1.0,1.0
naive_chunks,Q-DOC02-FACT-011,grade>=2,2,2|0|0|0|1,1.0,1.0,0.0,1.0,1.0
naive_chunks,Q-DOC02-FACT-012,grade>=2,2,2|0|0|0|0,1.0,1.0,0.0,1.0,1.0
naive_chunks,Q-DOC02-FACT-013,grade>=2,3,3|1|1|2|1,1.0,1.0,1.0,1.0,0.932444
naive_chunks,Q-DOC02-FACT-014,grade>=2,3,3|2|0|0|0,1.0,1.0,1.0,1.0,0.578615
naive_chunks,Q-DOC02-FACT-015,grade>=2,2,2|0|0|0|0,1.0,1.0,0.0,1.0,1.0
naive_chunks,Q-DOC02-FACT-016,grade>=2,2,2|0|0|0|0,1.0,1.0,0.0,1.0,1.0
naive_chunks,Q-DOC02-FACT-017,grade>=2,3,3|2|2|0|0,1.0,1.0,1.0,1.0,0.809068
naive_chunks,Q-DOC02-FACT-018,grade>=2,3,3|0|0|0|0,1.0,1.0,1.0,1.0,1.0
naive_chunks,Q-DOC02-FACT-019,grade>=2,3,3|1|1|1|1,1.0,1.0,1.0,1.0,0.787155
naive_chunks,Q-DOC02-FACT-020,grade>=2,2,2|1|1|1|1,1.0,1.0,0.0,1.0,0.469279
naive_chunks,Q-DOC02-FACT-021,grade>=2,3,3|2|2|1|2,1.0,1.0,1.0,1.0,0.899417
naive_chunks,Q-DOC02-FACT-022,grade>=2,2,2|0|0|0|1,1.0,1.0,0.0,1.0,1.0
naive_chunks,Q-DOC02-FACT-023,grade>=2,3,3|2|2|2|2,1.0,1.0,1.0,1.0,1.0
naive_chunks,Q-DOC02-FACT-024,grade>=2,3,3|1|1|1|1,1.0,1.0,1.0,1.0,1.0
naive_chunks,Q-DOC02-FACT-025,grade>=2,2,2|1|1|1|0,1.0,1.0,0.0,1.0,1.0
naive_chunks,Q-DOC03-FACT-001,grade>=2,3,3|1|1|1|0,1.0,1.0,1.0,1.0,1.0
naive_chunks,Q-DOC03-FACT-002,grade>=2,3,3|2|1|1|1,1.0,1.0,1.0,1.0,0.692295
naive_chunks,Q-DOC03-FACT-003,grade>=2,3,3|0|0|0|0,1.0,1.0,1.0,1.0,1.0
naive_chunks,Q-DOC03-FACT-004,grade>=2,3,3|1|0|0|1,1.0,1.0,1.0,1.0,1.0
naive_chunks,Q-DOC03-FACT-005,grade>=2,3,3|2|2|2|1,1.0,1.0,1.0,1.0,0.909652
naive_chunks,Q-DOC03-FACT-006,grade>=2,3,3|1|1|1|0,1.0,1.0,1.0,1.0,1.0
naive_chunks,Q-DOC03-FACT-007,grade>=2,3,3|1|1|1|1,1.0,1.0,1.0,1.0,0.787155
naive_chunks,Q-DOC03-FACT-008,grade>=2,3,3|1|1|1|1,1.0,1.0,1.0,1.0,1.0
naive_chunks,Q-DOC03-FACT-009,grade>=2,3,3|2|2|2|2,1.0,1.0,1.0,1.0,1.0
naive_chunks,Q-DOC03-FACT-010,grade>=2,2,2|1|1|1|0,1.0,1.0,0.0,1.0,1.0
naive_chunks,Q-DOC04-FACT-001,grade>=2,2,2|1|1|2|3,1.0,1.0,1.0,1.0,0.544943
naive_chunks,Q-DOC04-FACT-002,grade>=2,1,1|1|3|3|3,0.0,1.0,1.0,0.333333,0.446854
naive_chunks,Q-DOC04-FACT-003,grade>=2,3,3|3|2|2|3,1.0,1.0,1.0,1.0,0.819629
naive_chunks,Q-DOC04-FACT-004,grade>=2,2,2|2|3|1|2,1.0,1.0,1.0,1.0,0.621595
naive_chunks,Q-DOC04-FACT-005,grade>=2,2,2|1|2|1|2,1.0,1.0,0.0,1.0,0.440669
naive_chunks,Q-DOC04-FACT-006,grade>=2,1,1|3|1|0|3,0.0,1.0,1.0,0.5,0.551579
naive_chunks,Q-DOC04-FACT-007,grade>=2,2,2|1|1|3|3,1.0,1.0,1.0,1.0,0.567548
naive_chunks,Q-DOC04-FACT-008,grade>=2,3,3|3|2|2|2,1.0,1.0,1.0,1.0,1.0
naive_chunks,Q-DOC04-FACT-009,grade>=2,3,3|3|3|3|1,1.0,1.0,1.0,1.0,0.868795
naive_chunks,Q-DOC04-FACT-010,grade>=2,2,2|2|0|0|2,1.0,1.0,0.0,1.0,0.684352
naive_chunks,Q-DOC05-FACT-001,grade>=2,3,3|3|3|3|2,1.0,1.0,1.0,1.0,0.925026
naive_chunks,Q-DOC05-FACT-002,grade>=2,3,3|3|3|2|2,1.0,1.0,1.0,1.0,0.909767
naive_chunks,Q-DOC05-FACT-003,grade>=2,3,3|3|3|2|2,1.0,1.0,1.0,1.0,0.841558
naive_chunks,Q-DOC05-FACT-004,grade>=2,3,3|3|3|3|3,1.0,1.0,1.0,1.0,1.0
naive_chunks,Q-DOC05-FACT-005,grade>=2,3,3|3|3|2|3,1.0,1.0,1.0,1.0,0.916532
naive_chunks,Q-DOC05-FACT-006,grade>=2,3,3|3|3|3|3,1.0,1.0,1.0,1.0,1.0
naive_chunks,Q-DOC05-FACT-007,grade>=2,3,3|3|3|2|3,1.0,1.0,1.0,1.0,0.916532
naive_chunks,Q-DOC05-FACT-008,grade>=2,3,3|3|3|3|3,1.0,1.0,1.0,1.0,1.0
naive_chunks,Q-DOC06-FACT-001,grade>=2,3,3|1|2|1|1,1.0,1.0,1.0,1.0,0.955831
naive_chunks,Q-DOC06-FACT-002,grade>=2,3,3|3|1|1|1,1.0,1.0,1.0,1.0,1.0
naive_chunks,Q-DOC06-FACT-003,grade>=2,3,3|3|1|1|1,1.0,1.0,1.0,1.0,1.0
naive_chunks,Q-DOC06-FACT-004,grade>=2,3,3|2|1|1|1,1.0,1.0,1.0,1.0,1.0
naive_chunks,Q-DOC06-FACT-005,grade>=2,3,3|1|1|1|3,1.0,1.0,1.0,1.0,0.850345
naive_chunks,Q-DOC06-FACT-006,grade>=2,3,3|3|0|1|0,1.0,1.0,1.0,1.0,1.0
naive_chunks,Q-DOC06-FACT-007,grade>=2,3,3|3|0|0|0,1.0,1.0,1.0,1.0,1.0
naive_chunks,Q-DOC06-FACT-008,grade>=2,3,3|3|1|1|1,1.0,1.0,1.0,1.0,1.0
naive_chunks,Q-DOC07-FACT-001,grade>=2,3,3|2|1|1|2,1.0,1.0,1.0,1.0,0.967339
naive_chunks,Q-DOC07-FACT-002,grade>=2,3,3|1|1|1|1,1.0,1.0,1.0,1.0,0.787155
naive_chunks,Q-DOC07-FACT-003,grade>=2,3,3|1|1|1|1,1.0,1.0,1.0,1.0,1.0
naive_chunks,Q-DOC07-FACT-004,grade>=2,3,3|2|1|2|2,1.0,1.0,1.0,1.0,0.883226
naive_chunks,Q-DOC07-FACT-005,grade>=2,3,3|1|2|1|1,1.0,1.0,1.0,1.0,0.817875
naive_chunks,Q-DOC07-FACT-006,grade>=2,3,3|1|1|2|1,1.0,1.0,1.0,1.0,0.797864
naive_chunks,Q-DOC07-FACT-007,grade>=2,3,3|1|2|1|1,1.0,1.0,1.0,1.0,0.955831
naive_chunks,Q-DOC07-FACT-008,grade>=2,3,3|1|1|1|1,1.0,1.0,1.0,1.0,1.0
naive_chunks,Q-DOC07-FACT-009,grade>=2,3,3|2|0|1|1,1.0,1.0,1.0,1.0,1.0
naive_chunks,Q-DOC07-FACT-010,grade>=2,3,3|2|1|1|2,1.0,1.0,1.0,1.0,0.967339
naive_chunks,Q-DOC07-FACT-011,grade>=2,2,2|1|1|0|1,1.0,1.0,0.0,1.0,1.0
naive_chunks,Q-DOC07-FACT-012,grade>=2,3,3|1|2|1|0,1.0,1.0,1.0,1.0,0.817875
naive_chunks,Q-DOC08-FACT-001,grade>=2,3,3|2|2|1|1,1.0,1.0,1.0,1.0,1.0
naive_chunks,Q-DOC08-FACT-002,grade>=2,3,3|2|1|1|1,1.0,1.0,1.0,1.0,1.0
naive_chunks,Q-DOC08-FACT-003,grade>=2,3,3|1|1|1|1,1.0,1.0,1.0,1.0,1.0
naive_chunks,Q-DOC08-FACT-004,grade>=2,3,3|1|1|1|2,1.0,1.0,1.0,1.0,0.91766
naive_chunks,Q-DOC08-FACT-005,grade>=2,3,3|1|1|1|1,1.0,1.0,1.0,1.0,0.787155
naive_chunks,Q-DOC08-FACT-006,grade>=2,3,3|1|1|1|1,1.0,1.0,1.0,1.0,1.0
naive_chunks,Q-DOC08-FACT-007,grade>=2,3,3|1|1|2|1,1.0,1.0,1.0,1.0,0.932444
naive_chunks,Q-DOC08-FACT-008,grade>=2,3,3|1|0|1|1,1.0,1.0,1.0,1.0,1.0
naive_chunks,Q-DOC08-FACT-009,grade>=2,3,3|1|1|1|2,1.0,1.0,1.0,1.0,0.69839
naive_chunks,Q-DOC08-FACT-010,grade>=2,3,3|1|1|1|1,1.0,1.0,1.0,1.0,1.0
naive_chunks,Q-DOC08-FACT-011,grade>=2,3,3|1|1|2|1,1.0,1.0,1.0,1.0,0.932444
naive_chunks,Q-DOC08-FACT-012,grade>=2,3,3|1|0|0|0,1.0,1.0,1.0,1.0,1.0
naive_chunks,Q-DOC09-FACT-001,grade>=2,2,2|3|3|3|2,1.0,1.0,1.0,1.0,0.868888
naive_chunks,Q-DOC09-FACT-002,grade>=2,2,2|3|1|3|3,1.0,1.0,1.0,1.0,0.688212
naive_chunks,Q-DOC09-FACT-003,grade>=2,3,3|3|2|2|1,1.0,1.0,1.0,1.0,0.924488
naive_chunks,Q-DOC09-FACT-004,grade>=2,2,2|2|2|1|2,1.0,1.0,0.0,1.0,0.982892
naive_chunks,Q-DOC09-FACT-005,grade>=2,3,3|2|3|2|2,1.0,1.0,1.0,1.0,0.965924
naive_chunks,Q-DOC09-FACT-006,grade>=2,2,2|2|1|1|1,1.0,1.0,0.0,1.0,1.0
naive_chunks,Q-DOC09-FACT-007,grade>=2,1,1|3|1|1|2,0.0,1.0,1.0,0.5,0.627145
naive_chunks,Q-DOC09-FACT-008,grade>=2,2,2|2|1|3|3,1.0,1.0,1.0,1.0,0.747121
naive_chunks,Q-DOC09-FACT-009,grade>=2,3,3|1|3|1|1,1.0,1.0,1.0,1.0,0.919721
naive_chunks,Q-DOC09-FACT-010,grade>=2,3,3|3|2|3|2,1.0,1.0,1.0,1.0,0.984035
naive_chunks,Q-DOC09-FACT-011,grade>=2,2,2|3|2|1|1,1.0,1.0,1.0,1.0,0.857951
naive_chunks,Q-DOC09-FACT-012,grade>=2,2,2|3|2|1|1,1.0,1.0,1.0,1.0,0.857951
naive_chunks,Q-DOC09-FACT-013,grade>=2,1,1|1|3|2|1,0.0,1.0,1.0,0.333333,0.538867
naive_chunks,Q-DOC09-FACT-014,grade>=2,3,3|1|1|1|1,1.0,1.0,1.0,1.0,1.0
naive_chunks,Q-DOC09-FACT-015,grade>=2,3,3|2|2|2|1,1.0,1.0,1.0,1.0,0.909652
naive_chunks,Q-DOC10-FACT-001,grade>=2,3,3|2|3|3|3,1.0,1.0,1.0,1.0,0.877722
naive_chunks,Q-DOC10-FACT-002,grade>=2,3,3|3|1|1|1,1.0,1.0,1.0,1.0,1.0
naive_chunks,Q-DOC10-FACT-003,grade>=2,2,2|2|1|1|1,1.0,1.0,0.0,1.0,1.0
naive_chunks,Q-DOC10-FACT-004,grade>=2,3,3|2|1|3|2,1.0,1.0,1.0,1.0,0.684487
naive_chunks,Q-DOC10-FACT-005,grade>=2,3,3|1|3|1|1,1.0,1.0,1.0,1.0,0.919721
naive_chunks,Q-DOC10-FACT-006,grade>=2,3,3|1|1|1|3,1.0,1.0,1.0,1.0,0.850345
naive_chunks,Q-DOC10-FACT-007,grade>=2,3,3|3|2|2|3,1.0,1.0,1.0,1.0,0.819629
naive_chunks,Q-DOC10-FACT-008,grade>=2,3,3|3|2|2|2,1.0,1.0,1.0,1.0,1.0
naive_chunks,Q-DOC10-FACT-009,grade>=2,3,3|3|1|1|1,1.0,1.0,1.0,1.0,1.0
naive_chunks,Q-DOC10-FACT-010,grade>=2,3,3|2|1|1|0,1.0,1.0,1.0,1.0,1.0
naive_chunks,Q-DOC10-FACT-011,grade>=2,3,3|3|3|3|3,1.0,1.0,1.0,1.0,1.0
naive_chunks,Q-DOC10-FACT-012,grade>=2,3,3|2|1|3|0,1.0,1.0,1.0,1.0,0.838054
naive_chunks,Q-DOC10-FACT-013,grade>=2,3,3|3|3|3|3,1.0,1.0,1.0,1.0,1.0
naive_chunks,Q-DOC10-FACT-014,grade>=2,3,3|0|1|0|1,1.0,1.0,1.0,1.0,1.0
naive_chunks,Q-DOC10-FACT-015,grade>=2,3,3|2|2|3|1,1.0,1.0,1.0,1.0,0.872369
naive_chunks,Q-DOC03-FACT-011,grade>=2,3,3|1|2|2|1,1.0,1.0,1.0,1.0,0.7623
naive_chunks,Q-DOC03-FACT-012,grade>=2,3,3|1|1|1|1,1.0,1.0,1.0,1.0,1.0
naive_chunks,Q-DOC03-FACT-013,grade>=2,3,3|1|1|1|0,1.0,1.0,1.0,1.0,1.0
naive_chunks,Q-DOC03-FACT-014,grade>=2,3,3|2|2|2|1,1.0,1.0,1.0,1.0,0.909652
naive_chunks,Q-DOC03-FACT-015,grade>=2,3,3|1|1|1|1,1.0,1.0,1.0,1.0,1.0
naive_chunks,Q-DOC04-FACT-011,grade>=2,2,2|1|1|2|3,1.0,1.0,1.0,1.0,0.544943
naive_chunks,Q-DOC04-FACT-012,grade>=2,3,3|3|2|2|1,1.0,1.0,1.0,1.0,0.924488
naive_chunks,Q-DOC04-FACT-013,grade>=2,3,3|3|2|3|1,1.0,1.0,1.0,1.0,0.917218
naive_chunks,Q-DOC04-FACT-014,grade>=2,3,3|1|0|1|2,1.0,1.0,1.0,1.0,0.631793
naive_chunks,Q-DOC04-FACT-015,grade>=2,2,2|2|2|1|3,1.0,1.0,1.0,1.0,0.592147
naive_chunks,Q-DOC05-FACT-009,grade>=2,3,3|3|3|3|2,1.0,1.0,1.0,1.0,0.925026
naive_chunks,Q-DOC05-FACT-010,grade>=2,3,3|3|3|2|2,1.0,1.0,1.0,1.0,0.841558
naive_chunks,Q-DOC05-FACT-011,grade>=2,3,3|3|3|3|2,1.0,1.0,1.0,1.0,0.925026
naive_chunks,Q-DOC05-FACT-012,grade>=2,3,3|3|2|3|3,1.0,1.0,1.0,1.0,0.903097
naive_chunks,Q-DOC05-FACT-013,grade>=2,3,3|3|2|2|3,1.0,1.0,1.0,1.0,0.973943
naive_chunks,Q-DOC06-FACT-009,grade>=2,3,3|2|1|1|1,1.0,1.0,1.0,1.0,1.0
naive_chunks,Q-DOC06-FACT-010,grade>=2,2,2|0|1|1|0,1.0,1.0,0.0,1.0,1.0
naive_chunks,Q-DOC06-FACT-011,grade>=2,3,3|1|0|0|0,1.0,1.0,1.0,1.0,1.0
naive_chunks,Q-DOC06-FACT-012,grade>=2,3,3|3|1|1|1,1.0,1.0,1.0,1.0,1.0
naive_chunks,Q-DOC06-FACT-013,grade>=2,2,2|2|0|0|0,1.0,1.0,0.0,1.0,1.0
naive_chunks,Q-DOC07-FACT-013,grade>=2,3,3|1|1|0|1,1.0,1.0,1.0,1.0,1.0
naive_chunks,Q-DOC07-FACT-014,grade>=2,2,2|1|0|1|0,1.0,1.0,0.0,1.0,1.0
naive_chunks,Q-DOC07-FACT-015,grade>=2,2,2|1|1|1|1,1.0,1.0,0.0,1.0,1.0
naive_chunks,Q-DOC07-FACT-016,grade>=2,3,3|1|1|0|1,1.0,1.0,1.0,1.0,1.0
naive_chunks,Q-DOC07-FACT-017,grade>=2,3,3|2|2|1|2,1.0,1.0,1.0,1.0,0.988749
naive_chunks,Q-DOC08-FACT-013,grade>=2,3,3|1|1|1|1,1.0,1.0,1.0,1.0,1.0
naive_chunks,Q-DOC08-FACT-014,grade>=2,3,3|1|1|1|1,1.0,1.0,1.0,1.0,1.0
naive_chunks,Q-DOC08-FACT-015,grade>=2,2,2|1|1|0|1,1.0,1.0,0.0,1.0,1.0
naive_chunks,Q-DOC08-FACT-016,grade>=2,2,2|1|1|1|1,1.0,1.0,0.0,1.0,1.0
naive_chunks,Q-DOC08-FACT-017,grade>=2,1,1|1|0|0|1,0.0,0.0,0.0,0.0,0.0
naive_chunks,Q-DOC09-FACT-016,grade>=2,2,2|2|1|2|2,1.0,1.0,0.0,1.0,0.95583
naive_chunks,Q-DOC09-FACT-017,grade>=2,3,3|3|1|1|1,1.0,1.0,1.0,1.0,1.0
naive_chunks,Q-DOC09-FACT-018,grade>=2,2,2|2|1|1|1,1.0,1.0,0.0,1.0,1.0
naive_chunks,Q-DOC09-FACT-019,grade>=2,2,2|1|0|1|1,1.0,1.0,0.0,1.0,1.0
naive_chunks,Q-DOC09-FACT-020,grade>=2,2,2|2|1|1|1,1.0,1.0,0.0,1.0,1.0
naive_chunks,Q-DOC10-FACT-016,grade>=2,2,2|3|3|2|1,1.0,1.0,1.0,1.0,0.794356
naive_chunks,Q-DOC10-FACT-017,grade>=2,1,1|2|2|1|0,0.0,1.0,0.0,0.5,0.693426
naive_chunks,Q-DOC10-FACT-018,grade>=2,1,1|2|2|1|1,0.0,1.0,0.0,0.5,0.693426
naive_chunks,Q-DOC10-FACT-019,grade>=2,3,3|1|1|1|0,1.0,1.0,1.0,1.0,0.613147
naive_chunks,Q-DOC10-FACT-020,grade>=2,2,2|2|3|0|3,1.0,1.0,1.0,1.0,0.722278
final_no_rerank,Q-DOC01-FACT-001,grade>=3,1,1|1|1|1|1,0.0,0.0,0.0,0.0,0.0
final_no_rerank,Q-DOC01-FACT-002,grade>=3,1,1|1|2|3|1,0.0,1.0,1.0,0.25,0.430677
final_no_rerank,Q-DOC01-FACT-003,grade>=3,1,1|2|1|2|2,0.0,0.0,0.0,0.0,0.0
final_no_rerank,Q-DOC01-FACT-004,grade>=3,0,0|2|1|1|1,0.0,0.0,0.0,0.0,0.0
final_no_rerank,Q-DOC01-FACT-005,grade>=3,1,1|2|1|1|1,0.0,0.0,0.0,0.0,0.0
final_no_rerank,Q-DOC01-FACT-006,grade>=3,2,2|1|1|1|0,0.0,0.0,0.0,0.0,0.0
final_no_rerank,Q-DOC01-FACT-007,grade>=3,3,3|2|2|3|1,1.0,1.0,1.0,1.0,0.877215
final_no_rerank,Q-DOC01-FACT-008,grade>=3,0,0|0|0|0|0,0.0,0.0,0.0,0.0,0.0
final_no_rerank,Q-DOC01-FACT-009,grade>=3,0,0|0|0|0|2,0.0,0.0,0.0,0.0,0.0
final_no_rerank,Q-DOC01-FACT-010,grade>=3,1,1|2|1|2|2,0.0,0.0,0.0,0.0,0.0
final_no_rerank,Q-DOC01-FACT-011,grade>=3,2,2|1|1|1|1,0.0,0.0,0.0,0.0,0.0
final_no_rerank,Q-DOC01-FACT-012,grade>=3,1,1|1|1|2|0,0.0,0.0,0.0,0.0,0.0
final_no_rerank,Q-DOC01-FACT-013,grade>=3,0,0|0|0|0|0,0.0,0.0,0.0,0.0,0.0
final_no_rerank,Q-DOC01-FACT-014,grade>=3,3,3|2|1|1|1,1.0,1.0,1.0,1.0,1.0
final_no_rerank,Q-DOC01-FACT-015,grade>=3,3,3|1|2|2|2,1.0,1.0,1.0,1.0,1.0
final_no_rerank,Q-DOC01-FACT-016,grade>=3,1,1|1|1|1|0,0.0,0.0,0.0,0.0,0.0
final_no_rerank,Q-DOC01-FACT-017,grade>=3,2,2|3|3|2|2,0.0,1.0,1.0,0.5,0.693426
final_no_rerank,Q-DOC01-FACT-018,grade>=3,3,3|2|3|2|2,1.0,1.0,1.0,1.0,0.919721
final_no_rerank,Q-DOC01-FACT-019,grade>=3,3,3|3|2|2|2,1.0,1.0,1.0,1.0,1.0
final_no_rerank,Q-DOC01-FACT-020,grade>=3,3,3|2|2|2|3,1.0,1.0,1.0,1.0,0.650821
final_no_rerank,Q-DOC01-FACT-021,grade>=3,1,1|1|1|1|1,0.0,0.0,0.0,0.0,0.0
final_no_rerank,Q-DOC01-FACT-022,grade>=3,1,1|0|0|0|1,0.0,0.0,0.0,0.0,0.0
final_no_rerank,Q-DOC01-FACT-023,grade>=3,2,2|1|2|2|2,0.0,0.0,0.0,0.0,0.0
final_no_rerank,Q-DOC01-FACT-024,grade>=3,1,1|1|1|1|0,0.0,0.0,0.0,0.0,0.0
final_no_rerank,Q-DOC01-FACT-025,grade>=3,1,1|1|2|0|1,0.0,0.0,0.0,0.0,0.0
final_no_rerank,Q-DOC02-FACT-001,grade>=3,1,1|2|1|1|2,0.0,0.0,0.0,0.0,0.0
final_no_rerank,Q-DOC02-FACT-002,grade>=3,1,1|2|2|1|1,0.0,0.0,0.0,0.0,0.0
final_no_rerank,Q-DOC02-FACT-003,grade>=3,3,3|3|3|3|3,1.0,1.0,1.0,1.0,1.0
final_no_rerank,Q-DOC02-FACT-004,grade>=3,1,1|1|2|1|1,0.0,0.0,0.0,0.0,0.0
final_no_rerank,Q-DOC02-FACT-005,grade>=3,1,1|1|1|1|2,0.0,0.0,0.0,0.0,0.0
final_no_rerank,Q-DOC02-FACT-006,grade>=3,1,1|1|1|1|0,0.0,0.0,0.0,0.0,0.0
final_no_rerank,Q-DOC02-FACT-007,grade>=3,2,2|2|1|1|1,0.0,0.0,0.0,0.0,0.0
final_no_rerank,Q-DOC02-FACT-008,grade>=3,3,3|2|2|2|1,1.0,1.0,1.0,1.0,1.0
final_no_rerank,Q-DOC02-FACT-009,grade>=3,2,2|2|2|2|2,0.0,0.0,0.0,0.0,0.0
final_no_rerank,Q-DOC02-FACT-010,grade>=3,0,0|0|0|0|0,0.0,0.0,0.0,0.0,0.0
final_no_rerank,Q-DOC02-FACT-011,grade>=3,1,1|1|1|1|0,0.0,0.0,0.0,0.0,0.0
final_no_rerank,Q-DOC02-FACT-012,grade>=3,2,2|2|2|2|2,0.0,0.0,0.0,0.0,0.0
final_no_rerank,Q-DOC02-FACT-013,grade>=3,1,1|1|1|1|1,0.0,0.0,0.0,0.0,0.0
final_no_rerank,Q-DOC02-FACT-014,grade>=3,2,2|0|0|0|0,0.0,0.0,0.0,0.0,0.0
final_no_rerank,Q-DOC02-FACT-015,grade>=3,1,1|2|2|2|2,0.0,0.0,0.0,0.0,0.0
final_no_rerank,Q-DOC02-FACT-016,grade>=3,1,1|1|1|1|1,0.0,0.0,0.0,0.0,0.0
final_no_rerank,Q-DOC02-FACT-017,grade>=3,3,3|3|3|3|3,1.0,1.0,1.0,1.0,1.0
final_no_rerank,Q-DOC02-FACT-018,grade>=3,2,2|2|2|2|2,0.0,0.0,0.0,0.090909,0.0
final_no_rerank,Q-DOC02-FACT-019,grade>=3,3,3|2|2|1|1,1.0,1.0,1.0,1.0,1.0
final_no_rerank,Q-DOC02-FACT-020,grade>=3,0,0|0|0|0|0,0.0,0.0,0.0,0.0,0.0
final_no_rerank,Q-DOC02-FACT-021,grade>=3,1,1|1|1|0|1,0.0,0.0,0.0,0.0,0.0
final_no_rerank,Q-DOC02-FACT-022,grade>=3,1,1|1|1|1|1,0.0,0.0,0.0,0.0,0.0
final_no_rerank,Q-DOC02-FACT-023,grade>=3,2,2|2|2|3|1,0.0,1.0,1.0,0.25,0.430677
final_no_rerank,Q-DOC02-FACT-024,grade>=3,3,3|1|3|1|1,1.0,1.0,1.0,1.0,0.919721
final_no_rerank,Q-DOC02-FACT-025,grade>=3,1,1|1|2|1|0,0.0,0.0,0.0,0.0,0.0
final_no_rerank,Q-DOC03-FACT-001,grade>=3,3,3|2|1|1|1,1.0,1.0,1.0,1.0,1.0
final_no_rerank,Q-DOC03-FACT-002,grade>=3,2,2|2|2|1|1,0.0,0.0,0.0,0.0,0.0
final_no_rerank,Q-DOC03-FACT-003,grade>=3,1,1|1|1|1|1,0.0,0.0,0.0,0.0,0.0
final_no_rerank,Q-DOC03-FACT-004,grade>=3,1,1|1|1|1|1,0.0,0.0,0.0,0.0,0.0
final_no_rerank,Q-DOC03-FACT-005,grade>=3,2,2|2|2|2|2,0.0,0.0,0.0,0.0,0.0
final_no_rerank,Q-DOC03-FACT-006,grade>=3,2,2|2|1|0|0,0.0,0.0,0.0,0.0,0.0
final_no_rerank,Q-DOC03-FACT-007,grade>=3,2,2|2|1|1|1,0.0,0.0,0.0,0.0,0.0
final_no_rerank,Q-DOC03-FACT-008,grade>=3,1,1|0|1|1|1,0.0,0.0,0.0,0.0,0.0
final_no_rerank,Q-DOC03-FACT-009,grade>=3,2,2|2|2|2|1,0.0,0.0,0.0,0.0,0.0
final_no_rerank,Q-DOC03-FACT-010,grade>=3,1,1|1|1|1|1,0.0,0.0,0.0,0.0,0.0
final_no_rerank,Q-DOC04-FACT-001,grade>=3,1,1|1|2|0|1,0.0,0.0,0.0,0.0,0.0
final_no_rerank,Q-DOC04-FACT-002,grade>=3,0,0|0|0|0|0,0.0,0.0,0.0,0.0,0.0
final_no_rerank,Q-DOC04-FACT-003,grade>=3,2,2|1|1|1|1,0.0,0.0,0.0,0.0,0.0
final_no_rerank,Q-DOC04-FACT-004,grade>=3,2,2|1|0|0|0,0.0,0.0,0.0,0.0,0.0
final_no_rerank,Q-DOC04-FACT-005,grade>=3,2,2|2|2|0|1,0.0,0.0,0.0,0.0,0.0
final_no_rerank,Q-DOC04-FACT-006,grade>=3,1,1|1|0|0|1,0.0,0.0,0.0,0.0,0.0
final_no_rerank,Q-DOC04-FACT-007,grade>=3,1,1|1|1|1|1,0.0,0.0,0.0,0.0,0.0
final_no_rerank,Q-DOC04-FACT-008,grade>=3,1,1|1|2|1|0,0.0,0.0,0.0,0.0,0.0
final_no_rerank,Q-DOC04-FACT-009,grade>=3,3,3|2|2|1|1,1.0,1.0,1.0,1.0,1.0
final_no_rerank,Q-DOC04-FACT-010,grade>=3,0,0|2|0|0|2,0.0,0.0,0.0,0.0,0.0
final_no_rerank,Q-DOC05-FACT-001,grade>=3,1,1|1|0|0|1,0.0,0.0,0.0,0.0,0.0
final_no_rerank,Q-DOC05-FACT-002,grade>=3,1,1|1|1|2|1,0.0,0.0,0.0,0.0,0.0
final_no_rerank,Q-DOC05-FACT-003,grade>=3,1,1|0|1|1|0,0.0,0.0,0.0,0.0,0.0
final_no_rerank,Q-DOC05-FACT-004,grade>=3,1,1|1|1|1|1,0.0,0.0,0.0,0.1,0.0
final_no_rerank,Q-DOC05-FACT-005,grade>=3,1,1|3|1|1|1,0.0,1.0,1.0,0.5,0.63093
final_no_rerank,Q-DOC05-FACT-006,grade>=3,1,1|1|1|1|2,0.0,0.0,0.0,0.166667,0.0
final_no_rerank,Q-DOC05-FACT-007,grade>=3,1,1|2|2|1|1,0.0,0.0,0.0,0.0,0.0
final_no_rerank,Q-DOC05-FACT-008,grade>=3,1,1|1|1|1|1,0.0,0.0,0.0,0.0,0.0
final_no_rerank,Q-DOC06-FACT-001,grade>=3,1,1|1|1|1|0,0.0,0.0,0.0,0.0,0.0
final_no_rerank,Q-DOC06-FACT-002,grade>=3,1,1|1|1|1|2,0.0,0.0,0.0,0.0,0.0
final_no_rerank,Q-DOC06-FACT-003,grade>=3,0,0|0|1|0|0,0.0,0.0,0.0,0.0,0.0
final_no_rerank,Q-DOC06-FACT-004,grade>=3,0,0|0|1|1|0,0.0,0.0,0.0,0.0,0.0
final_no_rerank,Q-DOC06-FACT-005,grade>=3,1,1|1|1|1|0,0.0,0.0,0.0,0.0,0.0
final_no_rerank,Q-DOC06-FACT-006,grade>=3,1,1|0|0|1|0,0.0,0.0,0.0,0.0,0.0
final_no_rerank,Q-DOC06-FACT-007,grade>=3,0,0|0|0|0|0,0.0,0.0,0.0,0.0,0.0
final_no_rerank,Q-DOC06-FACT-008,grade>=3,1,1|1|1|1|0,0.0,0.0,0.0,0.0,0.0
final_no_rerank,Q-DOC07-FACT-001,grade>=3,3,3|1|1|1|1,1.0,1.0,1.0,1.0,1.0
final_no_rerank,Q-DOC07-FACT-002,grade>=3,3,3|1|1|1|1,1.0,1.0,1.0,1.0,1.0
final_no_rerank,Q-DOC07-FACT-003,grade>=3,2,2|1|0|0|1,0.0,0.0,0.0,0.0,0.0
final_no_rerank,Q-DOC07-FACT-004,grade>=3,2,2|2|1|1|1,0.0,0.0,0.0,0.0,0.0
final_no_rerank,Q-DOC07-FACT-005,grade>=3,2,2|0|2|0|0,0.0,0.0,0.0,0.0,0.0
final_no_rerank,Q-DOC07-FACT-006,grade>=3,2,2|0|0|0|0,0.0,0.0,0.0,0.0,0.0
final_no_rerank,Q-DOC07-FACT-007,grade>=3,2,2|0|1|0|0,0.0,0.0,0.0,0.0,0.0
final_no_rerank,Q-DOC07-FACT-008,grade>=3,2,2|1|1|1|0,0.0,0.0,0.0,0.0,0.0
final_no_rerank,Q-DOC07-FACT-009,grade>=3,2,2|1|0|1|0,0.0,0.0,0.0,0.0,0.0
final_no_rerank,Q-DOC07-FACT-010,grade>=3,2,2|1|1|1|1,0.0,0.0,0.0,0.0,0.0
final_no_rerank,Q-DOC07-FACT-011,grade>=3,1,1|1|2|2|1,0.0,0.0,0.0,0.0,0.0
final_no_rerank,Q-DOC07-FACT-012,grade>=3,2,2|0|2|0|1,0.0,0.0,0.0,0.0,0.0
final_no_rerank,Q-DOC08-FACT-001,grade>=3,1,1|1|1|2|1,0.0,0.0,0.0,0.0,0.0
final_no_rerank,Q-DOC08-FACT-002,grade>=3,0,0|0|1|1|0,0.0,0.0,0.0,0.0,0.0
final_no_rerank,Q-DOC08-FACT-003,grade>=3,1,1|2|0|1|0,0.0,0.0,0.0,0.0,0.0
final_no_rerank,Q-DOC08-FACT-004,grade>=3,1,1|0|2|0|0,0.0,0.0,0.0,0.0,0.0
final_no_rerank,Q-DOC08-FACT-005,grade>=3,1,1|1|1|1|0,0.0,0.0,0.0,0.0,0.0
final_no_rerank,Q-DOC08-FACT-006,grade>=3,1,1|0|1|0|0,0.0,0.0,0.0,0.0,0.0
final_no_rerank,Q-DOC08-FACT-007,grade>=3,1,1|1|1|0|1,0.0,0.0,0.0,0.0,0.0
final_no_rerank,Q-DOC08-FACT-008,grade>=3,1,1|2|1|1|1,0.0,0.0,0.0,0.0,0.0
final_no_rerank,Q-DOC08-FACT-009,grade>=3,3,3|1|1|1|0,1.0,1.0,1.0,1.0,1.0
final_no_rerank,Q-DOC08-FACT-010,grade>=3,2,2|0|1|1|0,0.0,0.0,0.0,0.0,0.0
final_no_rerank,Q-DOC08-FACT-011,grade>=3,1,1|1|1|1|1,0.0,0.0,0.0,0.0,0.0
final_no_rerank,Q-DOC08-FACT-012,grade>=3,0,0|0|0|0|0,0.0,0.0,0.0,0.0,0.0
final_no_rerank,Q-DOC09-FACT-001,grade>=3,3,3|2|2|2|1,1.0,1.0,1.0,1.0,0.613147
final_no_rerank,Q-DOC09-FACT-002,grade>=3,2,2|2|2|1|2,0.0,0.0,0.0,0.0,0.0
final_no_rerank,Q-DOC09-FACT-003,grade>=3,1,1|1|1|1|1,0.0,0.0,0.0,0.0,0.0
final_no_rerank,Q-DOC09-FACT-004,grade>=3,1,1|2|1|0|1,0.0,0.0,0.0,0.0,0.0
final_no_rerank,Q-DOC09-FACT-005,grade>=3,3,3|1|0|2|1,1.0,1.0,1.0,1.0,0.613147
final_no_rerank,Q-DOC09-FACT-006,grade>=3,1,1|1|1|1|1,0.0,0.0,0.0,0.0,0.0
final_no_rerank,Q-DOC09-FACT-007,grade>=3,1,1|3|1|0|0,0.0,1.0,1.0,0.5,0.386853
final_no_rerank,Q-DOC09-FACT-008,grade>=3,3,3|3|1|3|1,1.0,1.0,1.0,1.0,0.967468
final_no_rerank,Q-DOC09-FACT-009,grade>=3,1,1|2|1|1|1,0.0,0.0,0.0,0.0,0.0
final_no_rerank,Q-DOC09-FACT-010,grade>=3,3,3|1|3|2|1,1.0,1.0,1.0,1.0,0.919721
final_no_rerank,Q-DOC09-FACT-011,grade>=3,1,1|1|1|0|1,0.0,0.0,0.0,0.0,0.0
final_no_rerank,Q-DOC09-FACT-012,grade>=3,2,2|1|1|1|1,0.0,0.0,0.0,0.0,0.0
final_no_rerank,Q-DOC09-FACT-013,grade>=3,1,1|3|1|1|1,0.0,1.0,1.0,0.5,0.386853
final_no_rerank,Q-DOC09-FACT-014,grade>=3,2,2|1|3|1|0,0.0,1.0,1.0,0.333333,0.234639
final_no_rerank,Q-DOC09-FACT-015,grade>=3,3,3|1|1|1|1,1.0,1.0,1.0,1.0,1.0
final_no_rerank,Q-DOC10-FACT-001,grade>=3,1,1|1|1|0|1,0.0,0.0,0.0,0.0,0.0
final_no_rerank,Q-DOC10-FACT-002,grade>=3,1,1|1|1|1|0,0.0,0.0,0.0,0.0,0.0
final_no_rerank,Q-DOC10-FACT-003,grade>=3,1,1|1|0|1|1,0.0,0.0,0.0,0.0,0.0
final_no_rerank,Q-DOC10-FACT-004,grade>=3,0,0|0|1|0|1,0.0,0.0,0.0,0.0,0.0
final_no_rerank,Q-DOC10-FACT-005,grade>=3,0,0|1|0|1|1,0.0,0.0,0.0,0.0,0.0
final_no_rerank,Q-DOC10-FACT-006,grade>=3,0,0|2|0|0|0,0.0,0.0,0.0,0.0,0.0
final_no_rerank,Q-DOC10-FACT-007,grade>=3,1,1|1|1|1|1,0.0,0.0,0.0,0.0,0.0
final_no_rerank,Q-DOC10-FACT-008,grade>=3,3,3|0|0|0|0,1.0,1.0,1.0,1.0,1.0
final_no_rerank,Q-DOC10-FACT-009,grade>=3,0,0|0|0|0|0,0.0,0.0,0.0,0.0,0.0
final_no_rerank,Q-DOC10-FACT-010,grade>=3,1,1|0|0|0|1,0.0,0.0,0.0,0.0,0.0
final_no_rerank,Q-DOC10-FACT-011,grade>=3,3,3|2|2|2|0,1.0,1.0,1.0,1.0,1.0
final_no_rerank,Q-DOC10-FACT-012,grade>=3,2,2|0|0|0|0,0.0,0.0,0.0,0.0,0.0
final_no_rerank,Q-DOC10-FACT-013,grade>=3,3,3|2|2|0|0,1.0,1.0,1.0,1.0,1.0
final_no_rerank,Q-DOC10-FACT-014,grade>=3,0,0|0|0|2|0,0.0,0.0,0.0,0.0,0.0
final_no_rerank,Q-DOC10-FACT-015,grade>=3,1,1|0|1|1|1,0.0,0.0,0.0,0.0,0.0
final_no_rerank,Q-DOC03-FACT-011,grade>=3,2,2|1|1|1|0,0.0,0.0,0.0,0.0,0.0
final_no_rerank,Q-DOC03-FACT-012,grade>=3,2,2|2|1|1|1,0.0,0.0,0.0,0.0,0.0
final_no_rerank,Q-DOC03-FACT-013,grade>=3,2,2|2|1|1|0,0.0,0.0,0.0,0.0,0.0
final_no_rerank,Q-DOC03-FACT-014,grade>=3,1,1|2|1|1|1,0.0,0.0,0.0,0.0,0.0
final_no_rerank,Q-DOC03-FACT-015,grade>=3,1,1|0|1|1|1,0.0,0.0,0.0,0.0,0.0
final_no_rerank,Q-DOC04-FACT-011,grade>=3,0,0|1|1|1|1,0.0,0.0,0.0,0.0,0.0
final_no_rerank,Q-DOC04-FACT-012,grade>=3,2,2|2|0|1|0,0.0,0.0,0.0,0.0,0.0
final_no_rerank,Q-DOC04-FACT-013,grade>=3,1,1|1|2|1|1,0.0,0.0,0.0,0.0,0.0
final_no_rerank,Q-DOC04-FACT-014,grade>=3,0,0|1|1|0|0,0.0,0.0,0.0,0.0,0.0
final_no_rerank,Q-DOC04-FACT-015,grade>=3,1,1|2|0|1|1,0.0,0.0,0.0,0.0,0.0
final_no_rerank,Q-DOC05-FACT-009,grade>=3,1,1|1|1|1|2,0.0,0.0,0.0,0.0,0.0
final_no_rerank,Q-DOC05-FACT-010,grade>=3,0,0|1|1|0|0,0.0,0.0,0.0,0.0,0.0
final_no_rerank,Q-DOC05-FACT-011,grade>=3,1,1|1|1|2|2,0.0,0.0,0.0,0.0,0.0
final_no_rerank,Q-DOC05-FACT-012,grade>=3,1,1|2|1|1|1,0.0,0.0,0.0,0.0,0.0
final_no_rerank,Q-DOC05-FACT-013,grade>=3,1,1|1|2|1|1,0.0,0.0,0.0,0.0,0.0
final_no_rerank,Q-DOC06-FACT-009,grade>=3,1,1|1|0|0|1,0.0,0.0,0.0,0.0,0.0
final_no_rerank,Q-DOC06-FACT-010,grade>=3,1,1|0|0|0|0,0.0,0.0,0.0,0.0,0.0
final_no_rerank,Q-DOC06-FACT-011,grade>=3,0,0|0|0|0|0,0.0,0.0,0.0,0.0,0.0
final_no_rerank,Q-DOC06-FACT-012,grade>=3,1,1|1|1|1|1,0.0,0.0,0.0,0.0,0.0
final_no_rerank,Q-DOC06-FACT-013,grade>=3,1,1|1|0|0|0,0.0,0.0,0.0,0.0,0.0
final_no_rerank,Q-DOC07-FACT-013,grade>=3,1,1|0|0|0|0,0.0,0.0,0.0,0.0,0.0
final_no_rerank,Q-DOC07-FACT-014,grade>=3,0,0|0|0|0|0,0.0,0.0,0.0,0.0,0.0
final_no_rerank,Q-DOC07-FACT-015,grade>=3,1,1|1|0|0|0,0.0,0.0,0.0,0.0,0.0
final_no_rerank,Q-DOC07-FACT-016,grade>=3,1,1|1|0|0|0,0.0,0.0,0.0,0.0,0.0
final_no_rerank,Q-DOC07-FACT-017,grade>=3,1,1|1|0|0|0,0.0,0.0,0.0,0.0,0.0
final_no_rerank,Q-DOC08-FACT-013,grade>=3,2,2|0|1|1|0,0.0,0.0,0.0,0.0,0.0
final_no_rerank,Q-DOC08-FACT-014,grade>=3,2,2|0|0|1|0,0.0,0.0,0.0,0.0,0.0
final_no_rerank,Q-DOC08-FACT-015,grade>=3,0,0|0|0|0|0,0.0,0.0,0.0,0.0,0.0
final_no_rerank,Q-DOC08-FACT-016,grade>=3,0,0|0|1|0|0,0.0,0.0,0.0,0.0,0.0
final_no_rerank,Q-DOC08-FACT-017,grade>=3,0,0|0|0|0|0,0.0,0.0,0.0,0.0,0.0
final_no_rerank,Q-DOC09-FACT-016,grade>=3,1,1|1|1|1|0,0.0,0.0,0.0,0.0,0.0
final_no_rerank,Q-DOC09-FACT-017,grade>=3,1,1|1|1|1|1,0.0,0.0,0.0,0.0,0.0
final_no_rerank,Q-DOC09-FACT-018,grade>=3,1,1|1|1|1|1,0.0,0.0,0.0,0.0,0.0
final_no_rerank,Q-DOC09-FACT-019,grade>=3,0,0|0|1|1|0,0.0,0.0,0.0,0.0,0.0
final_no_rerank,Q-DOC09-FACT-020,grade>=3,1,1|1|0|1|1,0.0,0.0,0.0,0.0,0.0
final_no_rerank,Q-DOC10-FACT-016,grade>=3,0,0|0|1|0|2,0.0,0.0,0.0,0.0,0.0
final_no_rerank,Q-DOC10-FACT-017,grade>=3,2,2|1|1|0|0,0.0,0.0,0.0,0.0,0.0
final_no_rerank,Q-DOC10-FACT-018,grade>=3,1,1|0|0|0|0,0.0,0.0,0.0,0.0,0.0
final_no_rerank,Q-DOC10-FACT-019,grade>=3,0,0|0|0|0|0,0.0,0.0,0.0,0.0,0.0
final_no_rerank,Q-DOC10-FACT-020,grade>=3,3,3|0|2|2|2,1.0,1.0,1.0,1.0,1.0
graph_final,Q-DOC01-FACT-001,grade>=3,1,1|1|1|1|1,0.0,0.0,0.0,0.0,0.0
graph_final,Q-DOC01-FACT-002,grade>=3,1,1|1|1|1|1,0.0,0.0,0.0,0.052632,0.0
graph_final,Q-DOC01-FACT-003,grade>=3,1,1|1|1|1|1,0.0,0.0,0.0,0.0,0.0
graph_final,Q-DOC01-FACT-004,grade>=3,1,1|1|1|1|1,0.0,0.0,0.0,0.0,0.0
graph_final,Q-DOC01-FACT-005,grade>=3,0,0|0|1|1|1,0.0,0.0,0.0,0.0,0.0
graph_final,Q-DOC01-FACT-006,grade>=3,0,0|0|1|1|0,0.0,0.0,0.0,0.0,0.0
graph_final,Q-DOC01-FACT-007,grade>=3,1,1|2|1|1|1,0.0,0.0,0.0,0.0,0.0
graph_final,Q-DOC01-FACT-008,grade>=3,0,0|0|0|0|0,0.0,0.0,0.0,0.0,0.0
graph_final,Q-DOC01-FACT-009,grade>=3,0,0|0|2|2|2,0.0,0.0,0.0,0.0,0.0
graph_final,Q-DOC01-FACT-010,grade>=3,1,1|1|1|1|1,0.0,0.0,0.0,0.0,0.0
graph_final,Q-DOC01-FACT-011,grade>=3,1,1|1|1|1|0,0.0,0.0,0.0,0.0,0.0
graph_final,Q-DOC01-FACT-012,grade>=3,1,1|1|0|0|0,0.0,0.0,0.0,0.0,0.0
graph_final,Q-DOC01-FACT-013,grade>=3,0,0|0|0|0|0,0.0,0.0,0.0,0.0,0.0
graph_final,Q-DOC01-FACT-014,grade>=3,0,0|0|0|0|2,0.0,0.0,0.0,0.0,0.0
graph_final,Q-DOC01-FACT-015,grade>=3,3,3|1|1|1|1,1.0,1.0,1.0,1.0,1.0
graph_final,Q-DOC01-FACT-016,grade>=3,0,0|0|1|1|1,0.0,0.0,0.0,0.0,0.0
graph_final,Q-DOC01-FACT-017,grade>=3,2,2|3|2|1|1,0.0,1.0,1.0,0.5,0.63093
graph_final,Q-DOC01-FACT-018,grade>=3,3,3|2|2|1|1,1.0,1.0,1.0,1.0,1.0
graph_final,Q-DOC01-FACT-019,grade>=3,3,3|2|2|3|2,1.0,1.0,1.0,1.0,0.877215
graph_final,Q-DOC01-FACT-020,grade>=3,3,3|2|2|2|0,1.0,1.0,1.0,1.0,1.0
graph_final,Q-DOC01-FACT-021,grade>=3,1,1|1|1|1|1,0.0,0.0,0.0,0.0,0.0
graph_final,Q-DOC01-FACT-022,grade>=3,1,1|0|0|0|0,0.0,0.0,0.0,0.0,0.0
graph_final,Q-DOC01-FACT-023,grade>=3,2,2|1|0|0|2,0.0,0.0,0.0,0.0,0.0
graph_final,Q-DOC01-FACT-024,grade>=3,0,0|0|1|0|0,0.0,0.0,0.0,0.0,0.0
graph_final,Q-DOC01-FACT-025,grade>=3,0,0|0|1|0|1,0.0,0.0,0.0,0.0,0.0
graph_final,Q-DOC02-FACT-001,grade>=3,1,1|2|1|1|2,0.0,0.0,0.0,0.0,0.0
graph_final,Q-DOC02-FACT-002,grade>=3,1,1|2|1|1|1,0.0,0.0,0.0,0.0,0.0
graph_final,Q-DOC02-FACT-003,grade>=3,3,3|3|3|2|2,1.0,1.0,1.0,1.0,0.831872
graph_final,Q-DOC02-FACT-004,grade>=3,1,1|1|2|1|1,0.0,0.0,0.0,0.0,0.0
graph_final,Q-DOC02-FACT-005,grade>=3,1,1|1|1|1|1,0.0,0.0,0.0,0.0,0.0
graph_final,Q-DOC02-FACT-006,grade>=3,1,1|1|1|1|1,0.0,0.0,0.0,0.0,0.0
graph_final,Q-DOC02-FACT-007,grade>=3,1,1|1|1|2|1,0.0,0.0,0.0,0.0,0.0
graph_final,Q-DOC02-FACT-008,grade>=3,1,1|1|1|2|2,0.0,0.0,0.0,0.0,0.0
graph_final,Q-DOC02-FACT-009,grade>=3,0,0|1|1|1|1,0.0,0.0,0.0,0.0,0.0
graph_final,Q-DOC02-FACT-010,grade>=3,0,0|0|0|0|0,0.0,0.0,0.0,0.0,0.0
graph_final,Q-DOC02-FACT-011,grade>=3,1,1|1|0|1|1,0.0,0.0,0.0,0.0,0.0
graph_final,Q-DOC02-FACT-012,grade>=3,1,1|1|1|1|1,0.0,0.0,0.0,0.0,0.0
graph_final,Q-DOC02-FACT-013,grade>=3,1,1|1|1|1|1,0.0,0.0,0.0,0.0,0.0
graph_final,Q-DOC02-FACT-014,grade>=3,0,0|0|0|0|2,0.0,0.0,0.0,0.0,0.0
graph_final,Q-DOC02-FACT-015,grade>=3,1,1|1|1|1|1,0.0,0.0,0.0,0.0,0.0
graph_final,Q-DOC02-FACT-016,grade>=3,1,1|1|1|1|1,0.0,0.0,0.0,0.0,0.0
graph_final,Q-DOC02-FACT-017,grade>=3,3,3|3|3|3|3,1.0,1.0,1.0,1.0,1.0
graph_final,Q-DOC02-FACT-018,grade>=3,2,2|2|2|2|2,0.0,0.0,0.0,0.0625,0.0
graph_final,Q-DOC02-FACT-019,grade>=3,1,1|1|1|2|2,0.0,0.0,0.0,0.0,0.0
graph_final,Q-DOC02-FACT-020,grade>=3,0,0|0|0|0|0,0.0,0.0,0.0,0.0,0.0
graph_final,Q-DOC02-FACT-021,grade>=3,0,0|0|0|1|0,0.0,0.0,0.0,0.0,0.0
graph_final,Q-DOC02-FACT-022,grade>=3,1,1|1|1|1|1,0.0,0.0,0.0,0.0,0.0
graph_final,Q-DOC02-FACT-023,grade>=3,1,1|0|1|1|1,0.0,0.0,0.0,0.0,0.0
graph_final,Q-DOC02-FACT-024,grade>=3,1,1|1|1|1|1,0.0,0.0,0.0,0.0,0.0
graph_final,Q-DOC02-FACT-025,grade>=3,1,1|1|1|0|0,0.0,0.0,0.0,0.0,0.0
graph_final,Q-DOC03-FACT-001,grade>=3,2,2|1|1|1|1,0.0,0.0,0.0,0.0,0.0
graph_final,Q-DOC03-FACT-002,grade>=3,1,1|2|2|1|1,0.0,0.0,0.0,0.0,0.0
graph_final,Q-DOC03-FACT-003,grade>=3,1,1|1|1|1|1,0.0,0.0,0.0,0.0,0.0
graph_final,Q-DOC03-FACT-004,grade>=3,1,1|1|1|1|1,0.0,0.0,0.0,0.0,0.0
graph_final,Q-DOC03-FACT-005,grade>=3,2,2|2|2|2|2,0.0,0.0,0.0,0.0,0.0
graph_final,Q-DOC03-FACT-006,grade>=3,2,2|1|0|0|0,0.0,0.0,0.0,0.0,0.0
graph_final,Q-DOC03-FACT-007,grade>=3,1,1|2|2|1|1,0.0,0.0,0.0,0.0,0.0
graph_final,Q-DOC03-FACT-008,grade>=3,0,0|1|1|1|0,0.0,0.0,0.0,0.0,0.0
graph_final,Q-DOC03-FACT-009,grade>=3,1,1|1|1|2|2,0.0,0.0,0.0,0.0,0.0
graph_final,Q-DOC03-FACT-010,grade>=3,1,1|1|1|1|1,0.0,0.0,0.0,0.0,0.0
graph_final,Q-DOC04-FACT-001,grade>=3,1,1|0|0|0|0,0.0,0.0,0.0,0.0,0.0
graph_final,Q-DOC04-FACT-002,grade>=3,0,0|0|0|0|0,0.0,0.0,0.0,0.0,0.0
graph_final,Q-DOC04-FACT-003,grade>=3,1,1|1|0|0|0,0.0,0.0,0.0,0.0,0.0
graph_final,Q-DOC04-FACT-004,grade>=3,0,0|0|0|0|0,0.0,0.0,0.0,0.0,0.0
graph_final,Q-DOC04-FACT-005,grade>=3,0,0|0|2|1|0,0.0,0.0,0.0,0.0,0.0
graph_final,Q-DOC04-FACT-006,grade>=3,0,0|0|0|0|0,0.0,0.0,0.0,0.0,0.0
graph_final,Q-DOC04-FACT-007,grade>=3,1,1|1|0|0|1,0.0,0.0,0.0,0.0,0.0
graph_final,Q-DOC04-FACT-008,grade>=3,1,1|1|0|2|0,0.0,0.0,0.0,0.0,0.0
graph_final,Q-DOC04-FACT-009,grade>=3,1,1|1|0|0|0,0.0,0.0,0.0,0.0,0.0
graph_final,Q-DOC04-FACT-010,grade>=3,0,0|0|0|0|0,0.0,0.0,0.0,0.0,0.0
graph_final,Q-DOC05-FACT-001,grade>=3,1,1|1|0|0|0,0.0,0.0,0.0,0.0,0.0
graph_final,Q-DOC05-FACT-002,grade>=3,1,1|1|0|0|0,0.0,0.0,0.0,0.0,0.0
graph_final,Q-DOC05-FACT-003,grade>=3,0,0|1|1|0|0,0.0,0.0,0.0,0.0,0.0
graph_final,Q-DOC05-FACT-004,grade>=3,1,1|1|1|1|1,0.0,0.0,0.0,0.0,0.0
graph_final,Q-DOC05-FACT-005,grade>=3,1,1|1|0|0|0,0.0,0.0,0.0,0.0,0.0
graph_final,Q-DOC05-FACT-006,grade>=3,1,1|1|1|1|1,0.0,0.0,0.0,0.0,0.0
graph_final,Q-DOC05-FACT-007,grade>=3,1,1|1|1|1|1,0.0,0.0,0.0,0.0,0.0
graph_final,Q-DOC05-FACT-008,grade>=3,1,1|1|1|1|0,0.0,0.0,0.0,0.0,0.0
graph_final,Q-DOC06-FACT-001,grade>=3,1,1|1|1|0|0,0.0,0.0,0.0,0.0,0.0
graph_final,Q-DOC06-FACT-002,grade>=3,1,1|1|1|0|1,0.0,0.0,0.0,0.0,0.0
graph_final,Q-DOC06-FACT-003,grade>=3,0,0|0|0|1|0,0.0,0.0,0.0,0.0,0.0
graph_final,Q-DOC06-FACT-004,grade>=3,0,0|0|0|0|0,0.0,0.0,0.0,0.0,0.0
graph_final,Q-DOC06-FACT-005,grade>=3,1,1|1|1|1|0,0.0,0.0,0.0,0.0,0.0
graph_final,Q-DOC06-FACT-006,grade>=3,0,0|0|1|0|1,0.0,0.0,0.0,0.0,0.0
graph_final,Q-DOC06-FACT-007,grade>=3,0,0|0|0|0|0,0.0,0.0,0.0,0.0,0.0
graph_final,Q-DOC06-FACT-008,grade>=3,1,1|1|1|0|1,0.0,0.0,0.0,0.0,0.0
graph_final,Q-DOC07-FACT-001,grade>=3,1,1|1|1|1|1,0.0,0.0,0.0,0.0,0.0
graph_final,Q-DOC07-FACT-002,grade>=3,1,1|1|1|1|1,0.0,0.0,0.0,0.0,0.0
graph_final,Q-DOC07-FACT-003,grade>=3,0,0|0|1|0|0,0.0,0.0,0.0,0.0,0.0
graph_final,Q-DOC07-FACT-004,grade>=3,1,1|1|1|1|1,0.0,0.0,0.0,0.0,0.0
graph_final,Q-DOC07-FACT-005,grade>=3,0,0|0|0|0|0,0.0,0.0,0.0,0.0,0.0
graph_final,Q-DOC07-FACT-006,grade>=3,0,0|0|0|0|0,0.0,0.0,0.0,0.0,0.0
graph_final,Q-DOC07-FACT-007,grade>=3,0,0|0|0|0|0,0.0,0.0,0.0,0.0,0.0
graph_final,Q-DOC07-FACT-008,grade>=3,1,1|1|1|1|1,0.0,0.0,0.0,0.0,0.0
graph_final,Q-DOC07-FACT-009,grade>=3,0,0|0|0|0|0,0.0,0.0,0.0,0.0,0.0
graph_final,Q-DOC07-FACT-010,grade>=3,1,1|1|1|1|1,0.0,0.0,0.0,0.0,0.0
graph_final,Q-DOC07-FACT-011,grade>=3,1,1|0|1|0|1,0.0,0.0,0.0,0.0,0.0
graph_final,Q-DOC07-FACT-012,grade>=3,0,0|0|1|0|0,0.0,0.0,0.0,0.0,0.0
graph_final,Q-DOC08-FACT-001,grade>=3,1,1|1|1|1|0,0.0,0.0,0.0,0.0,0.0
graph_final,Q-DOC08-FACT-002,grade>=3,0,0|0|0|0|1,0.0,0.0,0.0,0.0,0.0
graph_final,Q-DOC08-FACT-003,grade>=3,0,0|0|0|1|0,0.0,0.0,0.0,0.0,0.0
graph_final,Q-DOC08-FACT-004,grade>=3,0,0|0|1|0|0,0.0,0.0,0.0,0.0,0.0
graph_final,Q-DOC08-FACT-005,grade>=3,1,1|0|1|0|1,0.0,0.0,0.0,0.0,0.0
graph_final,Q-DOC08-FACT-006,grade>=3,0,0|0|0|0|0,0.0,0.0,0.0,0.0,0.0
graph_final,Q-DOC08-FACT-007,grade>=3,1,1|0|1|0|0,0.0,0.0,0.0,0.0,0.0
graph_final,Q-DOC08-FACT-008,grade>=3,1,1|1|1|1|1,0.0,0.0,0.0,0.0,0.0
graph_final,Q-DOC08-FACT-009,grade>=3,1,1|1|1|0|1,0.0,0.0,0.0,0.0,0.0
graph_final,Q-DOC08-FACT-010,grade>=3,0,0|0|1|0|0,0.0,0.0,0.0,0.0,0.0
graph_final,Q-DOC08-FACT-011,grade>=3,1,1|0|1|0|1,0.0,0.0,0.0,0.0,0.0
graph_final,Q-DOC08-FACT-012,grade>=3,0,0|0|0|0|0,0.0,0.0,0.0,0.0,0.0
graph_final,Q-DOC09-FACT-001,grade>=3,1,1|2|2|1|1,0.0,0.0,0.0,0.0,0.0
graph_final,Q-DOC09-FACT-002,grade>=3,2,2|2|1|0|0,0.0,0.0,0.0,0.0,0.0
graph_final,Q-DOC09-FACT-003,grade>=3,1,1|0|0|1|1,0.0,0.0,0.0,0.0,0.0
graph_final,Q-DOC09-FACT-004,grade>=3,1,1|1|0|1|1,0.0,0.0,0.0,0.0,0.0
graph_final,Q-DOC09-FACT-005,grade>=3,1,1|1|1|1|0,0.0,0.0,0.0,0.0,0.0
graph_final,Q-DOC09-FACT-006,grade>=3,1,1|0|0|1|1,0.0,0.0,0.0,0.0,0.0
graph_final,Q-DOC09-FACT-007,grade>=3,1,1|1|0|0|0,0.0,0.0,0.0,0.0,0.0
graph_final,Q-DOC09-FACT-008,grade>=3,1,1|3|1|1|2,0.0,1.0,1.0,0.5,0.63093
graph_final,Q-DOC09-FACT-009,grade>=3,1,1|0|0|1|0,0.0,0.0,0.0,0.0,0.0
graph_final,Q-DOC09-FACT-010,grade>=3,1,1|3|1|1|1,0.0,1.0,1.0,0.5,0.63093
graph_final,Q-DOC09-FACT-011,grade>=3,1,1|1|1|1|1,0.0,0.0,0.0,0.0,0.0
graph_final,Q-DOC09-FACT-012,grade>=3,1,1|1|1|1|1,0.0,0.0,0.0,0.0,0.0
graph_final,Q-DOC09-FACT-013,grade>=3,1,1|1|1|1|1,0.0,0.0,0.0,0.0,0.0
graph_final,Q-DOC09-FACT-014,grade>=3,2,2|1|1|0|0,0.0,0.0,0.0,0.125,0.0
graph_final,Q-DOC09-FACT-015,grade>=3,1,1|1|0|0|1,0.0,0.0,0.0,0.0,0.0
graph_final,Q-DOC10-FACT-001,grade>=3,1,1|1|1|1|0,0.0,0.0,0.0,0.0,0.0
graph_final,Q-DOC10-FACT-002,grade>=3,1,1|1|1|0|0,0.0,0.0,0.0,0.0,0.0
graph_final,Q-DOC10-FACT-003,grade>=3,1,1|1|1|0|0,0.0,0.0,0.0,0.0,0.0
graph_final,Q-DOC10-FACT-004,grade>=3,0,0|0|0|0|0,0.0,0.0,0.0,0.0,0.0
graph_final,Q-DOC10-FACT-005,grade>=3,1,1|1|1|0|1,0.0,0.0,0.0,0.0,0.0
graph_final,Q-DOC10-FACT-006,grade>=3,0,0|0|0|0|0,0.0,0.0,0.0,0.0,0.0
graph_final,Q-DOC10-FACT-007,grade>=3,1,1|0|0|1|0,0.0,0.0,0.0,0.0,0.0
graph_final,Q-DOC10-FACT-008,grade>=3,0,0|0|0|0|1,0.0,0.0,0.0,0.0,0.0
graph_final,Q-DOC10-FACT-009,grade>=3,0,0|0|0|0|0,0.0,0.0,0.0,0.0,0.0
graph_final,Q-DOC10-FACT-010,grade>=3,0,0|0|0|0|0,0.0,0.0,0.0,0.0,0.0
graph_final,Q-DOC10-FACT-011,grade>=3,0,0|0|2|2|2,0.0,0.0,0.0,0.0,0.0
graph_final,Q-DOC10-FACT-012,grade>=3,0,0|0|0|0|0,0.0,0.0,0.0,0.0,0.0
graph_final,Q-DOC10-FACT-013,grade>=3,0,0|0|2|2|2,0.0,0.0,0.0,0.0,0.0
graph_final,Q-DOC10-FACT-014,grade>=3,0,0|0|0|0|0,0.0,0.0,0.0,0.0,0.0
graph_final,Q-DOC10-FACT-015,grade>=3,1,1|0|0|0|0,0.0,0.0,0.0,0.0,0.0
graph_final,Q-DOC03-FACT-011,grade>=3,0,0|0|0|2|1,0.0,0.0,0.0,0.0,0.0
graph_final,Q-DOC03-FACT-012,grade>=3,2,2|1|1|1|1,0.0,0.0,0.0,0.0,0.0
graph_final,Q-DOC03-FACT-013,grade>=3,2,2|1|1|0|1,0.0,0.0,0.0,0.0,0.0
graph_final,Q-DOC03-FACT-014,grade>=3,1,1|1|1|1|1,0.0,0.0,0.0,0.0,0.0
graph_final,Q-DOC03-FACT-015,grade>=3,0,0|0|1|1|1,0.0,0.0,0.0,0.0,0.0
graph_final,Q-DOC04-FACT-011,grade>=3,0,0|0|0|0|1,0.0,0.0,0.0,0.0,0.0
graph_final,Q-DOC04-FACT-012,grade>=3,0,0|0|0|1|1,0.0,0.0,0.0,0.0,0.0
graph_final,Q-DOC04-FACT-013,grade>=3,1,1|1|0|2|2,0.0,0.0,0.0,0.0,0.0
graph_final,Q-DOC04-FACT-014,grade>=3,0,0|0|0|0|0,0.0,0.0,0.0,0.0,0.0
graph_final,Q-DOC04-FACT-015,grade>=3,1,1|0|0|0|1,0.0,0.0,0.0,0.0,0.0
graph_final,Q-DOC05-FACT-009,grade>=3,1,1|1|1|0|0,0.0,0.0,0.0,0.0,0.0
graph_final,Q-DOC05-FACT-010,grade>=3,0,0|1|0|0|1,0.0,0.0,0.0,0.0,0.0
graph_final,Q-DOC05-FACT-011,grade>=3,1,1|1|1|1|1,0.0,0.0,0.0,0.0,0.0
graph_final,Q-DOC05-FACT-012,grade>=3,1,1|1|0|0|0,0.0,0.0,0.0,0.0,0.0
graph_final,Q-DOC05-FACT-013,grade>=3,1,1|1|0|1|1,0.0,0.0,0.0,0.0,0.0
graph_final,Q-DOC06-FACT-009,grade>=3,1,1|1|0|1|0,0.0,0.0,0.0,0.0,0.0
graph_final,Q-DOC06-FACT-010,grade>=3,0,0|0|0|0|0,0.0,0.0,0.0,0.0,0.0
graph_final,Q-DOC06-FACT-011,grade>=3,0,0|0|0|0|0,0.0,0.0,0.0,0.0,0.0
graph_final,Q-DOC06-FACT-012,grade>=3,1,1|1|1|1|1,0.0,0.0,0.0,0.0,0.0
graph_final,Q-DOC06-FACT-013,grade>=3,1,1|1|0|0|0,0.0,0.0,0.0,0.0,0.0
graph_final,Q-DOC07-FACT-013,grade>=3,0,0|0|0|0|0,0.0,0.0,0.0,0.0,0.0
graph_final,Q-DOC07-FACT-014,grade>=3,0,0|0|0|0|0,0.0,0.0,0.0,0.0,0.0
graph_final,Q-DOC07-FACT-015,grade>=3,1,1|0|0|0|0,0.0,0.0,0.0,0.0,0.0
graph_final,Q-DOC07-FACT-016,grade>=3,0,0|0|0|0|1,0.0,0.0,0.0,0.0,0.0
graph_final,Q-DOC07-FACT-017,grade>=3,0,0|0|0|1|0,0.0,0.0,0.0,0.0,0.0
graph_final,Q-DOC08-FACT-013,grade>=3,0,0|0|0|0|0,0.0,0.0,0.0,0.0,0.0
graph_final,Q-DOC08-FACT-014,grade>=3,0,0|0|0|0|0,0.0,0.0,0.0,0.0,0.0
graph_final,Q-DOC08-FACT-015,grade>=3,0,0|0|0|0|0,0.0,0.0,0.0,0.0,0.0
graph_final,Q-DOC08-FACT-016,grade>=3,0,0|0|0|0|0,0.0,0.0,0.0,0.0,0.0
graph_final,Q-DOC08-FACT-017,grade>=3,0,0|0|0|0|0,0.0,0.0,0.0,0.0,0.0
graph_final,Q-DOC09-FACT-016,grade>=3,1,1|1|1|1|0,0.0,0.0,0.0,0.0,0.0
graph_final,Q-DOC09-FACT-017,grade>=3,1,1|1|1|1|1,0.0,0.0,0.0,0.0,0.0
graph_final,Q-DOC09-FACT-018,grade>=3,1,1|1|1|1|1,0.0,0.0,0.0,0.0,0.0
graph_final,Q-DOC09-FACT-019,grade>=3,1,1|0|0|0|0,0.0,0.0,0.0,0.0,0.0
graph_final,Q-DOC09-FACT-020,grade>=3,1,1|1|0|1|1,0.0,0.0,0.0,0.0,0.0
graph_final,Q-DOC10-FACT-016,grade>=3,1,1|0|0|0|0,0.0,0.0,0.0,0.0,0.0
graph_final,Q-DOC10-FACT-017,grade>=3,0,0|0|1|1|1,0.0,0.0,0.0,0.0,0.0
graph_final,Q-DOC10-FACT-018,grade>=3,0,0|0|0|0|0,0.0,0.0,0.0,0.0,0.0
graph_final,Q-DOC10-FACT-019,grade>=3,0,0|0|0|0|0,0.0,0.0,0.0,0.0,0.0
graph_final,Q-DOC10-FACT-020,grade>=3,0,0|0|2|2|2,0.0,0.0,0.0,0.0,0.0
hyper_base,Q-DOC01-FACT-001,grade>=3,3,3|1|3|2|2,1.0,1.0,1.0,1.0,0.919721
hyper_base,Q-DOC01-FACT-002,grade>=3,2,2|1|3|1|1,0.0,1.0,1.0,0.333333,0.5
hyper_base,Q-DOC01-FACT-003,grade>=3,1,1|1|1|1|1,0.0,0.0,0.0,0.0,0.0
hyper_base,Q-DOC01-FACT-004,grade>=3,1,1|1|1|1|1,0.0,0.0,0.0,0.0,0.0
hyper_base,Q-DOC01-FACT-005,grade>=3,1,1|2|1|1|1,0.0,0.0,0.0,0.0,0.0
hyper_base,Q-DOC01-FACT-006,grade>=3,1,1|1|1|1|1,0.0,0.0,0.0,0.0,0.0
hyper_base,Q-DOC01-FACT-007,grade>=3,3,3|1|1|2|2,1.0,1.0,1.0,1.0,0.469279
hyper_base,Q-DOC01-FACT-008,grade>=3,0,0|0|0|0|2,0.0,0.0,0.0,0.0,0.0
hyper_base,Q-DOC01-FACT-009,grade>=3,0,0|2|2|2|2,0.0,0.0,0.0,0.0,0.0
hyper_base,Q-DOC01-FACT-010,grade>=3,2,2|2|1|2|2,0.0,0.0,0.0,0.0,0.0
hyper_base,Q-DOC01-FACT-011,grade>=3,2,2|2|2|2|1,0.0,0.0,0.0,0.0,0.0
hyper_base,Q-DOC01-FACT-012,grade>=3,1,1|1|0|2|1,0.0,0.0,0.0,0.0,0.0
hyper_base,Q-DOC01-FACT-013,grade>=3,0,0|0|0|0|0,0.0,0.0,0.0,0.0,0.0
hyper_base,Q-DOC01-FACT-014,grade>=3,3,3|1|0|0|1,1.0,1.0,1.0,1.0,1.0
hyper_base,Q-DOC01-FACT-015,grade>=3,2,2|2|3|2|2,0.0,1.0,1.0,0.333333,0.5
hyper_base,Q-DOC01-FACT-016,grade>=3,3,3|1|1|1|1,1.0,1.0,1.0,1.0,1.0
hyper_base,Q-DOC01-FACT-017,grade>=3,2,2|2|3|2|2,0.0,1.0,1.0,0.333333,0.5
hyper_base,Q-DOC01-FACT-018,grade>=3,2,2|3|2|2|2,0.0,1.0,1.0,0.5,0.63093
hyper_base,Q-DOC01-FACT-019,grade>=3,3,3|2|2|2|3,1.0,1.0,1.0,1.0,0.850345
hyper_base,Q-DOC01-FACT-020,grade>=3,3,3|3|2|2|3,1.0,1.0,1.0,1.0,0.684352
hyper_base,Q-DOC01-FACT-021,grade>=3,1,1|1|1|1|1,0.0,0.0,0.0,0.0,0.0
hyper_base,Q-DOC01-FACT-022,grade>=3,1,1|1|1|1|1,0.0,0.0,0.0,0.0,0.0
hyper_base,Q-DOC01-FACT-023,grade>=3,2,2|2|2|1|2,0.0,0.0,0.0,0.0,0.0
hyper_base,Q-DOC01-FACT-024,grade>=3,3,3|1|2|2|1,1.0,1.0,1.0,1.0,1.0
hyper_base,Q-DOC01-FACT-025,grade>=3,1,1|1|1|1|1,0.0,0.0,0.0,0.0,0.0
hyper_base,Q-DOC02-FACT-001,grade>=3,0,0|1|0|0|1,0.0,0.0,0.0,0.0,0.0
hyper_base,Q-DOC02-FACT-002,grade>=3,0,0|0|1|0|0,0.0,0.0,0.0,0.0,0.0
hyper_base,Q-DOC02-FACT-003,grade>=3,3,3|3|3|3|0,1.0,1.0,1.0,1.0,1.0
hyper_base,Q-DOC02-FACT-004,grade>=3,0,0|0|0|0|1,0.0,0.0,0.0,0.0,0.0
hyper_base,Q-DOC02-FACT-005,grade>=3,1,1|1|1|1|1,0.0,0.0,0.0,0.0,0.0
hyper_base,Q-DOC02-FACT-006,grade>=3,1,1|0|1|1|0,0.0,0.0,0.0,0.0,0.0
hyper_base,Q-DOC02-FACT-007,grade>=3,1,1|1|2|1|1,0.0,0.0,0.0,0.0,0.0
hyper_base,Q-DOC02-FACT-008,grade>=3,1,1|1|2|1|1,0.0,0.0,0.0,0.0,0.0
hyper_base,Q-DOC02-FACT-009,grade>=3,2,2|1|0|2|1,0.0,0.0,0.0,0.0,0.0
hyper_base,Q-DOC02-FACT-010,grade>=3,0,0|0|0|0|2,0.0,0.0,0.0,0.0,0.0
hyper_base,Q-DOC02-FACT-011,grade>=3,0,0|0|1|0|0,0.0,0.0,0.0,0.0,0.0
hyper_base,Q-DOC02-FACT-012,grade>=3,2,2|1|2|1|1,0.0,0.0,0.0,0.0,0.0
hyper_base,Q-DOC02-FACT-013,grade>=3,1,1|2|3|1|1,0.0,1.0,1.0,0.333333,0.5
hyper_base,Q-DOC02-FACT-014,grade>=3,2,2|2|2|2|2,0.0,0.0,0.0,0.0,0.0
hyper_base,Q-DOC02-FACT-015,grade>=3,2,2|1|1|2|1,0.0,0.0,0.0,0.0,0.0
hyper_base,Q-DOC02-FACT-016,grade>=3,0,0|1|0|0|1,0.0,0.0,0.0,0.0,0.0
hyper_base,Q-DOC02-FACT-017,grade>=3,3,3|3|3|3|2,1.0,1.0,1.0,1.0,1.0
hyper_base,Q-DOC02-FACT-018,grade>=3,2,2|2|2|2|2,0.0,0.0,0.0,0.0,0.0
hyper_base,Q-DOC02-FACT-019,grade>=3,3,3|2|2|1|1,1.0,1.0,1.0,1.0,1.0
hyper_base,Q-DOC02-FACT-020,grade>=3,1,1|1|1|1|0,0.0,0.0,0.0,0.0,0.0
hyper_base,Q-DOC02-FACT-021,grade>=3,1,1|1|1|1|1,0.0,0.0,0.0,0.0,0.0
hyper_base,Q-DOC02-FACT-022,grade>=3,0,0|1|1|0|0,0.0,0.0,0.0,0.0,0.0
hyper_base,Q-DOC02-FACT-023,grade>=3,1,1|1|1|1|2,0.0,0.0,0.0,0.0,0.0
hyper_base,Q-DOC02-FACT-024,grade>=3,2,2|1|1|1|0,0.0,0.0,0.0,0.125,0.0
hyper_base,Q-DOC02-FACT-025,grade>=3,1,1|1|1|1|1,0.0,0.0,0.0,0.0,0.0
hyper_base,Q-DOC03-FACT-001,grade>=3,3,3|1|1|1|1,1.0,1.0,1.0,1.0,1.0
hyper_base,Q-DOC03-FACT-002,grade>=3,3,3|3|1|0|0,1.0,1.0,1.0,1.0,1.0
hyper_base,Q-DOC03-FACT-003,grade>=3,3,3|2|2|1|2,1.0,1.0,1.0,1.0,1.0
hyper_base,Q-DOC03-FACT-004,grade>=3,2,2|1|0|1|1,0.0,0.0,0.0,0.0,0.0
hyper_base,Q-DOC03-FACT-005,grade>=3,2,2|1|1|1|1,0.0,0.0,0.0,0.0,0.0
hyper_base,Q-DOC03-FACT-006,grade>=3,2,2|1|1|1|1,0.0,0.0,0.0,0.0,0.0
hyper_base,Q-DOC03-FACT-007,grade>=3,2,2|2|1|1|0,0.0,0.0,0.0,0.0,0.0
hyper_base,Q-DOC03-FACT-008,grade>=3,0,0|0|0|1|0,0.0,0.0,0.0,0.0,0.0
hyper_base,Q-DOC03-FACT-009,grade>=3,3,3|3|1|0|1,1.0,1.0,1.0,1.0,1.0
hyper_base,Q-DOC03-FACT-010,grade>=3,2,2|0|1|0|0,0.0,0.0,0.0,0.0,0.0
hyper_base,Q-DOC04-FACT-001,grade>=3,1,1|2|0|1|1,0.0,0.0,0.0,0.0,0.0
hyper_base,Q-DOC04-FACT-002,grade>=3,1,1|1|1|1|1,0.0,0.0,0.0,0.0,0.0
hyper_base,Q-DOC04-FACT-003,grade>=3,1,1|3|2|1|1,0.0,1.0,1.0,0.5,0.63093
hyper_base,Q-DOC04-FACT-004,grade>=3,1,1|1|1|1|1,0.0,0.0,0.0,0.0,0.0
hyper_base,Q-DOC04-FACT-005,grade>=3,1,1|1|1|1|1,0.0,0.0,0.0,0.0,0.0
hyper_base,Q-DOC04-FACT-006,grade>=3,1,1|1|1|1|1,0.0,0.0,0.0,0.0,0.0
hyper_base,Q-DOC04-FACT-007,grade>=3,2,2|1|1|1|1,0.0,0.0,0.0,0.0,0.0
hyper_base,Q-DOC04-FACT-008,grade>=3,1,1|1|2|1|1,0.0,0.0,0.0,0.0,0.0
hyper_base,Q-DOC04-FACT-009,grade>=3,2,2|2|0|2|1,0.0,0.0,0.0,0.0,0.0
hyper_base,Q-DOC04-FACT-010,grade>=3,0,0|0|2|2|2,0.0,0.0,0.0,0.0,0.0
hyper_base,Q-DOC05-FACT-001,grade>=3,1,1|1|1|1|1,0.0,0.0,0.0,0.0,0.0
hyper_base,Q-DOC05-FACT-002,grade>=3,1,1|1|1|1|1,0.0,0.0,0.0,0.0,0.0
hyper_base,Q-DOC05-FACT-003,grade>=3,1,1|1|1|1|1,0.0,0.0,0.0,0.0,0.0
hyper_base,Q-DOC05-FACT-004,grade>=3,3,3|2|1|1|1,1.0,1.0,1.0,1.0,1.0
hyper_base,Q-DOC05-FACT-005,grade>=3,3,3|1|1|1|1,1.0,1.0,1.0,1.0,1.0
hyper_base,Q-DOC05-FACT-006,grade>=3,2,2|1|1|1|1,0.0,0.0,0.0,0.0,0.0
hyper_base,Q-DOC05-FACT-007,grade>=3,1,1|2|1|1|1,0.0,0.0,0.0,0.0,0.0
hyper_base,Q-DOC05-FACT-008,grade>=3,1,1|1|2|1|1,0.0,0.0,0.0,0.0,0.0
hyper_base,Q-DOC06-FACT-001,grade>=3,2,2|1|0|0|0,0.0,0.0,0.0,0.0,0.0
hyper_base,Q-DOC06-FACT-002,grade>=3,2,2|1|0|1|0,0.0,0.0,0.0,0.0,0.0
hyper_base,Q-DOC06-FACT-003,grade>=3,1,1|1|1|1|0,0.0,0.0,0.0,0.0,0.0
hyper_base,Q-DOC06-FACT-004,grade>=3,1,1|1|0|0|1,0.0,0.0,0.0,0.0,0.0
hyper_base,Q-DOC06-FACT-005,grade>=3,2,2|0|1|0|1,0.0,0.0,0.0,0.0,0.0
hyper_base,Q-DOC06-FACT-006,grade>=3,0,0|1|0|1|1,0.0,0.0,0.0,0.0,0.0
hyper_base,Q-DOC06-FACT-007,grade>=3,1,1|1|1|1|1,0.0,0.0,0.0,0.0,0.0
hyper_base,Q-DOC06-FACT-008,grade>=3,2,2|1|0|1|0,0.0,0.0,0.0,0.0,0.0
hyper_base,Q-DOC07-FACT-001,grade>=3,1,1|1|3|2|2,0.0,1.0,1.0,0.333333,0.5
hyper_base,Q-DOC07-FACT-002,grade>=3,1,1|1|3|2|2,0.0,1.0,1.0,0.333333,0.5
hyper_base,Q-DOC07-FACT-003,grade>=3,0,0|1|3|1|1,0.0,1.0,1.0,0.333333,0.5
hyper_base,Q-DOC07-FACT-004,grade>=3,1,1|1|2|2|2,0.0,0.0,0.0,0.0,0.0
hyper_base,Q-DOC07-FACT-005,grade>=3,1,1|3|1|1|0,0.0,1.0,1.0,0.5,0.63093
hyper_base,Q-DOC07-FACT-006,grade>=3,2,2|1|0|0|0,0.0,0.0,0.0,0.0,0.0
hyper_base,Q-DOC07-FACT-007,grade>=3,0,0|0|1|1|1,0.0,0.0,0.0,0.0,0.0
hyper_base,Q-DOC07-FACT-008,grade>=3,3,3|2|1|1|0,1.0,1.0,1.0,1.0,1.0
hyper_base,Q-DOC07-FACT-009,grade>=3,0,0|0|1|1|1,0.0,0.0,0.0,0.0,0.0
hyper_base,Q-DOC07-FACT-010,grade>=3,2,2|1|1|0|1,0.0,0.0,0.0,0.0,0.0
hyper_base,Q-DOC07-FACT-011,grade>=3,1,1|1|1|1|1,0.0,0.0,0.0,0.0,0.0
hyper_base,Q-DOC07-FACT-012,grade>=3,1,1|1|1|1|1,0.0,0.0,0.0,0.0,0.0
hyper_base,Q-DOC08-FACT-001,grade>=3,1,1|1|1|1|0,0.0,0.0,0.0,0.0,0.0
hyper_base,Q-DOC08-FACT-002,grade>=3,1,1|2|1|1|1,0.0,0.0,0.0,0.0,0.0
hyper_base,Q-DOC08-FACT-003,grade>=3,1,1|2|1|1|1,0.0,0.0,0.0,0.0,0.0
hyper_base,Q-DOC08-FACT-004,grade>=3,1,1|2|1|1|0,0.0,0.0,0.0,0.0,0.0
hyper_base,Q-DOC08-FACT-005,grade>=3,1,1|0|1|1|0,0.0,0.0,0.0,0.0,0.0
hyper_base,Q-DOC08-FACT-006,grade>=3,0,0|1|1|0|1,0.0,0.0,0.0,0.0,0.0
hyper_base,Q-DOC08-FACT-007,grade>=3,1,1|1|1|0|1,0.0,0.0,0.0,0.0,0.0
hyper_base,Q-DOC08-FACT-008,grade>=3,2,2|2|1|1|1,0.0,0.0,0.0,0.0,0.0
hyper_base,Q-DOC08-FACT-009,grade>=3,1,1|2|1|1|2,0.0,0.0,0.0,0.0,0.0
hyper_base,Q-DOC08-FACT-010,grade>=3,1,1|0|0|0|0,0.0,0.0,0.0,0.0,0.0
hyper_base,Q-DOC08-FACT-011,grade>=3,1,1|0|1|1|0,0.0,0.0,0.0,0.0,0.0
hyper_base,Q-DOC08-FACT-012,grade>=3,1,1|1|0|0|0,0.0,0.0,0.0,0.0,0.0
hyper_base,Q-DOC09-FACT-001,grade>=3,1,1|1|1|1|1,0.0,0.0,0.0,0.0,0.0
hyper_base,Q-DOC09-FACT-002,grade>=3,1,1|1|1|0|0,0.0,0.0,0.0,0.0,0.0
hyper_base,Q-DOC09-FACT-003,grade>=3,1,1|1|1|1|1,0.0,0.0,0.0,0.0,0.0
hyper_base,Q-DOC09-FACT-004,grade>=3,1,1|0|0|0|0,0.0,0.0,0.0,0.0,0.0
hyper_base,Q-DOC09-FACT-005,grade>=3,2,2|1|1|1|1,0.0,0.0,0.0,0.0,0.0
hyper_base,Q-DOC09-FACT-006,grade>=3,1,1|1|1|1|1,0.0,0.0,0.0,0.0,0.0
hyper_base,Q-DOC09-FACT-007,grade>=3,0,0|1|2|1|1,0.0,0.0,0.0,0.0,0.0
hyper_base,Q-DOC09-FACT-008,grade>=3,2,2|0|0|0|1,0.0,0.0,0.0,0.0,0.0
hyper_base,Q-DOC09-FACT-009,grade>=3,1,1|0|0|1|1,0.0,0.0,0.0,0.0,0.0
hyper_base,Q-DOC09-FACT-010,grade>=3,1,1|1|1|1|1,0.0,0.0,0.0,0.0625,0.0
hyper_base,Q-DOC09-FACT-011,grade>=3,1,1|0|0|0|0,0.0,0.0,0.0,0.0,0.0
hyper_base,Q-DOC09-FACT-012,grade>=3,1,1|0|0|0|0,0.0,0.0,0.0,0.0,0.0
hyper_base,Q-DOC09-FACT-013,grade>=3,0,0|1|1|1|1,0.0,0.0,0.0,0.0,0.0
hyper_base,Q-DOC09-FACT-014,grade>=3,2,2|1|1|0|0,0.0,0.0,0.0,0.0,0.0
hyper_base,Q-DOC09-FACT-015,grade>=3,1,1|1|1|1|1,0.0,0.0,0.0,0.0,0.0
hyper_base,Q-DOC10-FACT-001,grade>=3,1,1|1|1|1|1,0.0,0.0,0.0,0.0,0.0
hyper_base,Q-DOC10-FACT-002,grade>=3,1,1|2|0|1|0,0.0,0.0,0.0,0.111111,0.0
hyper_base,Q-DOC10-FACT-003,grade>=3,0,0|1|0|1|0,0.0,0.0,0.0,0.0,0.0
hyper_base,Q-DOC10-FACT-004,grade>=3,1,1|1|0|0|0,0.0,0.0,0.0,0.0,0.0
hyper_base,Q-DOC10-FACT-005,grade>=3,1,1|0|0|0|1,0.0,0.0,0.0,0.0,0.0
hyper_base,Q-DOC10-FACT-006,grade>=3,3,3|2|2|1|2,1.0,1.0,1.0,1.0,1.0
hyper_base,Q-DOC10-FACT-007,grade>=3,1,1|1|1|1|1,0.0,0.0,0.0,0.0,0.0
hyper_base,Q-DOC10-FACT-008,grade>=3,3,3|1|2|2|2,1.0,1.0,1.0,1.0,1.0
hyper_base,Q-DOC10-FACT-009,grade>=3,3,3|1|1|1|0,1.0,1.0,1.0,1.0,1.0
hyper_base,Q-DOC10-FACT-010,grade>=3,1,1|1|1|1|1,0.0,0.0,0.0,0.0,0.0
hyper_base,Q-DOC10-FACT-011,grade>=3,3,3|3|3|3|3,1.0,1.0,1.0,1.0,1.0
hyper_base,Q-DOC10-FACT-012,grade>=3,3,3|2|2|2|2,1.0,1.0,1.0,1.0,1.0
hyper_base,Q-DOC10-FACT-013,grade>=3,3,3|3|3|3|3,1.0,1.0,1.0,1.0,1.0
hyper_base,Q-DOC10-FACT-014,grade>=3,2,2|2|2|2|2,0.0,0.0,0.0,0.0,0.0
hyper_base,Q-DOC10-FACT-015,grade>=3,3,3|1|1|1|1,1.0,1.0,1.0,1.0,1.0
hyper_base,Q-DOC03-FACT-011,grade>=3,1,1|0|0|3|3,0.0,1.0,1.0,0.25,0.501266
hyper_base,Q-DOC03-FACT-012,grade>=3,2,2|1|1|1|1,0.0,0.0,0.0,0.0,0.0
hyper_base,Q-DOC03-FACT-013,grade>=3,2,2|2|1|1|1,0.0,0.0,0.0,0.0,0.0
hyper_base,Q-DOC03-FACT-014,grade>=3,2,2|0|1|1|0,0.0,0.0,0.0,0.083333,0.0
hyper_base,Q-DOC03-FACT-015,grade>=3,0,0|0|0|1|1,0.0,0.0,0.0,0.0,0.0
hyper_base,Q-DOC04-FACT-011,grade>=3,1,1|1|1|1|0,0.0,0.0,0.0,0.0,0.0
hyper_base,Q-DOC04-FACT-012,grade>=3,2,2|1|1|1|1,0.0,0.0,0.0,0.0,0.0
hyper_base,Q-DOC04-FACT-013,grade>=3,1,1|1|2|2|1,0.0,0.0,0.0,0.0,0.0
hyper_base,Q-DOC04-FACT-014,grade>=3,1,1|1|1|1|1,0.0,0.0,0.0,0.0,0.0
hyper_base,Q-DOC04-FACT-015,grade>=3,1,1|1|1|1|1,0.0,0.0,0.0,0.0,0.0
hyper_base,Q-DOC05-FACT-009,grade>=3,2,2|2|2|1|1,0.0,0.0,0.0,0.0,0.0
hyper_base,Q-DOC05-FACT-010,grade>=3,1,1|1|1|1|1,0.0,0.0,0.0,0.0,0.0
hyper_base,Q-DOC05-FACT-011,grade>=3,2,2|1|2|1|1,0.0,0.0,0.0,0.0,0.0
hyper_base,Q-DOC05-FACT-012,grade>=3,2,2|1|1|1|1,0.0,0.0,0.0,0.0,0.0
hyper_base,Q-DOC05-FACT-013,grade>=3,1,1|2|1|1|1,0.0,0.0,0.0,0.0,0.0
hyper_base,Q-DOC06-FACT-009,grade>=3,1,1|0|0|0|0,0.0,0.0,0.0,0.0,0.0
hyper_base,Q-DOC06-FACT-010,grade>=3,0,0|0|0|1|0,0.0,0.0,0.0,0.0,0.0
hyper_base,Q-DOC06-FACT-011,grade>=3,0,0|0|0|0|1,0.0,0.0,0.0,0.0,0.0
hyper_base,Q-DOC06-FACT-012,grade>=3,1,1|1|1|0|1,0.0,0.0,0.0,0.0,0.0
hyper_base,Q-DOC06-FACT-013,grade>=3,0,0|1|1|1|0,0.0,0.0,0.0,0.0,0.0
hyper_base,Q-DOC07-FACT-013,grade>=3,1,1|0|0|0|0,0.0,0.0,0.0,0.0,0.0
hyper_base,Q-DOC07-FACT-014,grade>=3,1,1|0|0|0|0,0.0,0.0,0.0,0.0,0.0
hyper_base,Q-DOC07-FACT-015,grade>=3,1,1|0|0|0|0,0.0,0.0,0.0,0.0,0.0
hyper_base,Q-DOC07-FACT-016,grade>=3,0,0|1|0|0|0,0.0,0.0,0.0,0.0,0.0
hyper_base,Q-DOC07-FACT-017,grade>=3,0,0|2|0|1|0,0.0,0.0,0.0,0.0,0.0
hyper_base,Q-DOC08-FACT-013,grade>=3,0,0|0|0|0|0,0.0,0.0,0.0,0.0,0.0
hyper_base,Q-DOC08-FACT-014,grade>=3,0,0|0|0|0|0,0.0,0.0,0.0,0.0,0.0
hyper_base,Q-DOC08-FACT-015,grade>=3,0,0|0|0|0|0,0.0,0.0,0.0,0.0,0.0
hyper_base,Q-DOC08-FACT-016,grade>=3,0,0|0|0|1|0,0.0,0.0,0.0,0.0,0.0
hyper_base,Q-DOC08-FACT-017,grade>=3,0,0|0|0|0|0,0.0,0.0,0.0,0.0,0.0
hyper_base,Q-DOC09-FACT-016,grade>=3,1,1|1|1|1|1,0.0,0.0,0.0,0.0,0.0
hyper_base,Q-DOC09-FACT-017,grade>=3,1,1|1|0|0|0,0.0,0.0,0.0,0.0,0.0
hyper_base,Q-DOC09-FACT-018,grade>=3,1,1|0|0|0|0,0.0,0.0,0.0,0.0,0.0
hyper_base,Q-DOC09-FACT-019,grade>=3,1,1|1|1|0|0,0.0,0.0,0.0,0.0,0.0
hyper_base,Q-DOC09-FACT-020,grade>=3,0,0|0|1|0|0,0.0,0.0,0.0,0.0,0.0
hyper_base,Q-DOC10-FACT-016,grade>=3,3,3|1|1|1|1,1.0,1.0,1.0,1.0,1.0
hyper_base,Q-DOC10-FACT-017,grade>=3,2,2|1|2|2|2,0.0,0.0,0.0,0.0,0.0
hyper_base,Q-DOC10-FACT-018,grade>=3,1,1|1|1|1|1,0.0,0.0,0.0,0.0,0.0
hyper_base,Q-DOC10-FACT-019,grade>=3,0,0|0|1|1|0,0.0,0.0,0.0,0.0,0.0
hyper_base,Q-DOC10-FACT-020,grade>=3,3,3|3|3|3|2,1.0,1.0,1.0,1.0,0.868795
hyper_final,Q-DOC01-FACT-001,grade>=3,1,1|1|1|1|1,0.0,0.0,0.0,0.0,0.0
hyper_final,Q-DOC01-FACT-002,grade>=3,1,1|1|2|1|1,0.0,0.0,0.0,0.0,0.0
hyper_final,Q-DOC01-FACT-003,grade>=3,1,1|1|1|1|1,0.0,0.0,0.0,0.0,0.0
hyper_final,Q-DOC01-FACT-004,grade>=3,1,1|1|1|1|1,0.0,0.0,0.0,0.0,0.0
hyper_final,Q-DOC01-FACT-005,grade>=3,0,0|0|1|1|1,0.0,0.0,0.0,0.0,0.0
hyper_final,Q-DOC01-FACT-006,grade>=3,0,0|0|1|1|0,0.0,0.0,0.0,0.0,0.0
hyper_final,Q-DOC01-FACT-007,grade>=3,2,2|1|1|3|2,0.0,1.0,1.0,0.25,0.264068
hyper_final,Q-DOC01-FACT-008,grade>=3,0,0|0|0|0|0,0.0,0.0,0.0,0.0,0.0
hyper_final,Q-DOC01-FACT-009,grade>=3,0,0|0|0|0|2,0.0,0.0,0.0,0.0,0.0
hyper_final,Q-DOC01-FACT-010,grade>=3,1,1|1|1|1|1,0.0,0.0,0.0,0.0,0.0
hyper_final,Q-DOC01-FACT-011,grade>=3,1,1|1|1|1|2,0.0,0.0,0.0,0.0,0.0
hyper_final,Q-DOC01-FACT-012,grade>=3,1,1|1|1|0|0,0.0,0.0,0.0,0.0,0.0
hyper_final,Q-DOC01-FACT-013,grade>=3,0,0|0|0|0|0,0.0,0.0,0.0,0.0,0.0
hyper_final,Q-DOC01-FACT-014,grade>=3,1,1|1|3|0|0,0.0,1.0,1.0,0.333333,0.5
hyper_final,Q-DOC01-FACT-015,grade>=3,3,3|1|1|1|1,1.0,1.0,1.0,1.0,1.0
hyper_final,Q-DOC01-FACT-016,grade>=3,1,1|1|1|0|0,0.0,0.0,0.0,0.0,0.0
hyper_final,Q-DOC01-FACT-017,grade>=3,2,2|3|3|2|2,0.0,1.0,1.0,0.5,0.693426
hyper_final,Q-DOC01-FACT-018,grade>=3,3,3|2|3|2|2,1.0,1.0,1.0,1.0,0.919721
hyper_final,Q-DOC01-FACT-019,grade>=3,3,3|2|2|3|2,1.0,1.0,1.0,1.0,0.877215
hyper_final,Q-DOC01-FACT-020,grade>=3,3,3|0|2|2|2,1.0,1.0,1.0,1.0,0.469279
hyper_final,Q-DOC01-FACT-021,grade>=3,1,1|1|1|1|1,0.0,0.0,0.0,0.0,0.0
hyper_final,Q-DOC01-FACT-022,grade>=3,1,1|0|0|0|0,0.0,0.0,0.0,0.0,0.0
hyper_final,Q-DOC01-FACT-023,grade>=3,2,2|2|2|1|0,0.0,0.0,0.0,0.0,0.0
hyper_final,Q-DOC01-FACT-024,grade>=3,0,0|0|1|0|0,0.0,0.0,0.0,0.0,0.0
hyper_final,Q-DOC01-FACT-025,grade>=3,0,0|0|1|0|0,0.0,0.0,0.0,0.0,0.0
hyper_final,Q-DOC02-FACT-001,grade>=3,1,1|2|1|1|1,0.0,0.0,0.0,0.0,0.0
hyper_final,Q-DOC02-FACT-002,grade>=3,1,1|2|1|1|1,0.0,0.0,0.0,0.0,0.0
hyper_final,Q-DOC02-FACT-003,grade>=3,3,3|3|3|3|3,1.0,1.0,1.0,1.0,1.0
hyper_final,Q-DOC02-FACT-004,grade>=3,1,1|1|2|1|1,0.0,0.0,0.0,0.0,0.0
hyper_final,Q-DOC02-FACT-005,grade>=3,1,1|1|1|1|1,0.0,0.0,0.0,0.0,0.0
hyper_final,Q-DOC02-FACT-006,grade>=3,1,1|1|1|1|1,0.0,0.0,0.0,0.0,0.0
hyper_final,Q-DOC02-FACT-007,grade>=3,1,1|1|1|1|1,0.0,0.0,0.0,0.0,0.0
hyper_final,Q-DOC02-FACT-008,grade>=3,1,1|1|1|1|1,0.0,0.0,0.0,0.1,0.0
hyper_final,Q-DOC02-FACT-009,grade>=3,2,2|2|2|2|2,0.0,0.0,0.0,0.0,0.0
hyper_final,Q-DOC02-FACT-010,grade>=3,0,0|0|0|0|0,0.0,0.0,0.0,0.0,0.0
hyper_final,Q-DOC02-FACT-011,grade>=3,1,1|1|1|1|0,0.0,0.0,0.0,0.0,0.0
hyper_final,Q-DOC02-FACT-012,grade>=3,2,2|2|2|2|2,0.0,0.0,0.0,0.0,0.0
hyper_final,Q-DOC02-FACT-013,grade>=3,1,1|1|1|1|1,0.0,0.0,0.0,0.0,0.0
hyper_final,Q-DOC02-FACT-014,grade>=3,0,0|2|0|0|0,0.0,0.0,0.0,0.0,0.0
hyper_final,Q-DOC02-FACT-015,grade>=3,1,1|2|2|2|2,0.0,0.0,0.0,0.0,0.0
hyper_final,Q-DOC02-FACT-016,grade>=3,1,1|1|1|1|1,0.0,0.0,0.0,0.0,0.0
hyper_final,Q-DOC02-FACT-017,grade>=3,3,3|3|3|3|3,1.0,1.0,1.0,1.0,1.0
hyper_final,Q-DOC02-FACT-018,grade>=3,2,2|2|2|2|2,0.0,0.0,0.0,0.0,0.0
hyper_final,Q-DOC02-FACT-019,grade>=3,3,3|1|1|1|1,1.0,1.0,1.0,1.0,1.0
hyper_final,Q-DOC02-FACT-020,grade>=3,0,0|0|0|1|0,0.0,0.0,0.0,0.0,0.0
hyper_final,Q-DOC02-FACT-021,grade>=3,1,1|0|0|0|0,0.0,0.0,0.0,0.0,0.0
hyper_final,Q-DOC02-FACT-022,grade>=3,1,1|1|1|1|1,0.0,0.0,0.0,0.0,0.0
hyper_final,Q-DOC02-FACT-023,grade>=3,1,1|1|1|0|1,0.0,0.0,0.0,0.083333,0.0
hyper_final,Q-DOC02-FACT-024,grade>=3,3,3|2|2|2|1,1.0,1.0,1.0,1.0,0.613147
hyper_final,Q-DOC02-FACT-025,grade>=3,1,1|1|2|1|0,0.0,0.0,0.0,0.0,0.0
hyper_final,Q-DOC03-FACT-001,grade>=3,3,3|2|1|1|1,1.0,1.0,1.0,1.0,1.0
hyper_final,Q-DOC03-FACT-002,grade>=3,1,1|2|2|1|1,0.0,0.0,0.0,0.0,0.0
hyper_final,Q-DOC03-FACT-003,grade>=3,1,1|1|1|1|1,0.0,0.0,0.0,0.0,0.0
hyper_final,Q-DOC03-FACT-004,grade>=3,1,1|1|1|1|1,0.0,0.0,0.0,0.0,0.0
hyper_final,Q-DOC03-FACT-005,grade>=3,2,2|2|2|2|2,0.0,0.0,0.0,0.0,0.0
hyper_final,Q-DOC03-FACT-006,grade>=3,2,2|2|1|0|0,0.0,0.0,0.0,0.0,0.0
hyper_final,Q-DOC03-FACT-007,grade>=3,1,1|2|2|1|1,0.0,0.0,0.0,0.0,0.0
hyper_final,Q-DOC03-FACT-008,grade>=3,1,1|0|1|1|1,0.0,0.0,0.0,0.0,0.0
hyper_final,Q-DOC03-FACT-009,grade>=3,1,1|1|1|1|1,0.0,0.0,0.0,0.0,0.0
hyper_final,Q-DOC03-FACT-010,grade>=3,1,1|1|1|1|1,0.0,0.0,0.0,0.0,0.0
hyper_final,Q-DOC04-FACT-001,grade>=3,1,1|0|1|1|2,0.0,0.0,0.0,0.0,0.0
hyper_final,Q-DOC04-FACT-002,grade>=3,0,0|0|0|0|0,0.0,0.0,0.0,0.0,0.0
hyper_final,Q-DOC04-FACT-003,grade>=3,1,1|1|2|1|0,0.0,0.0,0.0,0.0,0.0
hyper_final,Q-DOC04-FACT-004,grade>=3,0,0|2|1|0|0,0.0,0.0,0.0,0.0,0.0
hyper_final,Q-DOC04-FACT-005,grade>=3,0,0|0|2|2|1,0.0,0.0,0.0,0.0,0.0
hyper_final,Q-DOC04-FACT-006,grade>=3,1,1|1|0|0|1,0.0,0.0,0.0,0.0,0.0
hyper_final,Q-DOC04-FACT-007,grade>=3,1,1|1|1|1|0,0.0,0.0,0.0,0.0,0.0
hyper_final,Q-DOC04-FACT-008,grade>=3,1,1|1|2|1|0,0.0,0.0,0.0,0.0,0.0
hyper_final,Q-DOC04-FACT-009,grade>=3,1,1|1|0|0|0,0.0,0.0,0.0,0.111111,0.0
hyper_final,Q-DOC04-FACT-010,grade>=3,0,0|0|0|2|0,0.0,0.0,0.0,0.0,0.0
hyper_final,Q-DOC05-FACT-001,grade>=3,1,1|1|0|0|0,0.0,0.0,0.0,0.0,0.0
hyper_final,Q-DOC05-FACT-002,grade>=3,1,1|1|0|0|0,0.0,0.0,0.0,0.0,0.0
hyper_final,Q-DOC05-FACT-003,grade>=3,0,0|1|1|0|0,0.0,0.0,0.0,0.0,0.0
hyper_final,Q-DOC05-FACT-004,grade>=3,1,1|1|1|1|1,0.0,0.0,0.0,0.0,0.0
hyper_final,Q-DOC05-FACT-005,grade>=3,3,3|1|1|0|0,1.0,1.0,1.0,1.0,1.0
hyper_final,Q-DOC05-FACT-006,grade>=3,1,1|1|1|2|1,0.0,0.0,0.0,0.0,0.0
hyper_final,Q-DOC05-FACT-007,grade>=3,1,1|1|1|1|1,0.0,0.0,0.0,0.0,0.0
hyper_final,Q-DOC05-FACT-008,grade>=3,1,1|1|1|1|0,0.0,0.0,0.0,0.0,0.0
hyper_final,Q-DOC06-FACT-001,grade>=3,1,1|1|1|1|0,0.0,0.0,0.0,0.0,0.0
hyper_final,Q-DOC06-FACT-002,grade>=3,1,1|1|1|1|0,0.0,0.0,0.0,0.0,0.0
hyper_final,Q-DOC06-FACT-003,grade>=3,0,0|0|0|0|1,0.0,0.0,0.0,0.0,0.0
hyper_final,Q-DOC06-FACT-004,grade>=3,0,0|0|0|0|0,0.0,0.0,0.0,0.0,0.0
hyper_final,Q-DOC06-FACT-005,grade>=3,1,1|1|1|1|1,0.0,0.0,0.0,0.0,0.0
hyper_final,Q-DOC06-FACT-006,grade>=3,1,1|0|0|0|1,0.0,0.0,0.0,0.0,0.0
hyper_final,Q-DOC06-FACT-007,grade>=3,0,0|0|0|0|0,0.0,0.0,0.0,0.0,0.0
hyper_final,Q-DOC06-FACT-008,grade>=3,1,1|1|1|1|0,0.0,0.0,0.0,0.0,0.0
hyper_final,Q-DOC07-FACT-001,grade>=3,1,1|1|1|1|3,0.0,1.0,1.0,0.2,0.386853
hyper_final,Q-DOC07-FACT-002,grade>=3,1,1|1|1|1|1,0.0,0.0,0.0,0.125,0.0
hyper_final,Q-DOC07-FACT-003,grade>=3,0,0|0|1|1|0,0.0,0.0,0.0,0.0,0.0
hyper_final,Q-DOC07-FACT-004,grade>=3,2,2|1|1|1|1,0.0,0.0,0.0,0.0,0.0
hyper_final,Q-DOC07-FACT-005,grade>=3,0,0|0|0|2|0,0.0,0.0,0.0,0.0,0.0
hyper_final,Q-DOC07-FACT-006,grade>=3,0,0|0|0|0|0,0.0,0.0,0.0,0.0,0.0
hyper_final,Q-DOC07-FACT-007,grade>=3,0,0|1|0|0|2,0.0,0.0,0.0,0.0,0.0
hyper_final,Q-DOC07-FACT-008,grade>=3,1,1|1|1|1|1,0.0,0.0,0.0,0.0,0.0
hyper_final,Q-DOC07-FACT-009,grade>=3,1,1|0|0|0|2,0.0,0.0,0.0,0.0,0.0
hyper_final,Q-DOC07-FACT-010,grade>=3,1,1|1|1|1|2,0.0,0.0,0.0,0.0,0.0
hyper_final,Q-DOC07-FACT-011,grade>=3,1,1|1|2|2|1,0.0,0.0,0.0,0.0,0.0
hyper_final,Q-DOC07-FACT-012,grade>=3,2,2|0|2|0|1,0.0,0.0,0.0,0.0,0.0
hyper_final,Q-DOC08-FACT-001,grade>=3,1,1|1|1|2|1,0.0,0.0,0.0,0.0,0.0
hyper_final,Q-DOC08-FACT-002,grade>=3,0,0|0|1|1|1,0.0,0.0,0.0,0.0,0.0
hyper_final,Q-DOC08-FACT-003,grade>=3,0,0|1|2|0|0,0.0,0.0,0.0,0.0,0.0
hyper_final,Q-DOC08-FACT-004,grade>=3,0,0|1|2|0|0,0.0,0.0,0.0,0.0,0.0
hyper_final,Q-DOC08-FACT-005,grade>=3,1,1|0|1|0|0,0.0,0.0,0.0,0.0,0.0
hyper_final,Q-DOC08-FACT-006,grade>=3,0,0|1|0|0|0,0.0,0.0,0.0,0.0,0.0
hyper_final,Q-DOC08-FACT-007,grade>=3,1,1|1|0|1|1,0.0,0.0,0.0,0.0,0.0
hyper_final,Q-DOC08-FACT-008,grade>=3,1,1|2|1|1|1,0.0,0.0,0.0,0.0,0.0
hyper_final,Q-DOC08-FACT-009,grade>=3,3,3|1|1|1|0,1.0,1.0,1.0,1.0,1.0
hyper_final,Q-DOC08-FACT-010,grade>=3,0,0|2|0|1|1,0.0,0.0,0.0,0.0,0.0
hyper_final,Q-DOC08-FACT-011,grade>=3,1,1|1|2|1|1,0.0,0.0,0.0,0.0,0.0
hyper_final,Q-DOC08-FACT-012,grade>=3,0,0|0|0|0|0,0.0,0.0,0.0,0.0,0.0
hyper_final,Q-DOC09-FACT-001,grade>=3,3,3|1|2|2|2,1.0,1.0,1.0,1.0,0.613147
hyper_final,Q-DOC09-FACT-002,grade>=3,2,2|2|2|2|1,0.0,0.0,0.0,0.0,0.0
hyper_final,Q-DOC09-FACT-003,grade>=3,1,1|1|1|0|0,0.0,0.0,0.0,0.0,0.0
hyper_final,Q-DOC09-FACT-004,grade>=3,1,1|2|1|0|1,0.0,0.0,0.0,0.0,0.0
hyper_final,Q-DOC09-FACT-005,grade>=3,3,3|2|1|1|1,1.0,1.0,1.0,1.0,1.0
hyper_final,Q-DOC09-FACT-006,grade>=3,1,1|1|1|0|0,0.0,0.0,0.0,0.0,0.0
hyper_final,Q-DOC09-FACT-007,grade>=3,1,1|3|1|0|1,0.0,1.0,1.0,0.5,0.386853
hyper_final,Q-DOC09-FACT-008,grade>=3,3,3|1|1|3|1,1.0,1.0,1.0,1.0,0.671386
hyper_final,Q-DOC09-FACT-009,grade>=3,1,1|1|2|1|1,0.0,0.0,0.0,0.0,0.0
hyper_final,Q-DOC09-FACT-010,grade>=3,1,1|3|3|2|1,0.0,1.0,1.0,0.5,0.693426
hyper_final,Q-DOC09-FACT-011,grade>=3,1,1|0|1|1|0,0.0,0.0,0.0,0.0,0.0
hyper_final,Q-DOC09-FACT-012,grade>=3,2,2|1|1|1|1,0.0,0.0,0.0,0.0,0.0
hyper_final,Q-DOC09-FACT-013,grade>=3,3,3|1|1|1|1,1.0,1.0,1.0,1.0,0.613147
hyper_final,Q-DOC09-FACT-014,grade>=3,2,2|3|1|1|1,0.0,1.0,1.0,0.5,0.386853
hyper_final,Q-DOC09-FACT-015,grade>=3,3,3|1|1|1|0,1.0,1.0,1.0,1.0,1.0
hyper_final,Q-DOC10-FACT-001,grade>=3,1,1|1|1|1|1,0.0,0.0,0.0,0.0,0.0
hyper_final,Q-DOC10-FACT-002,grade>=3,1,1|1|1|1|0,0.0,0.0,0.0,0.0,0.0
hyper_final,Q-DOC10-FACT-003,grade>=3,1,1|1|1|1|0,0.0,0.0,0.0,0.0,0.0
hyper_final,Q-DOC10-FACT-004,grade>=3,0,0|1|0|0|0,0.0,0.0,0.0,0.0,0.0
hyper_final,Q-DOC10-FACT-005,grade>=3,1,1|1|1|1|1,0.0,0.0,0.0,0.0,0.0
hyper_final,Q-DOC10-FACT-006,grade>=3,0,0|0|2|0|0,0.0,0.0,0.0,0.0,0.0
hyper_final,Q-DOC10-FACT-007,grade>=3,1,1|1|1|0|0,0.0,0.0,0.0,0.0,0.0
hyper_final,Q-DOC10-FACT-008,grade>=3,3,3|0|0|0|0,1.0,1.0,1.0,1.0,1.0
hyper_final,Q-DOC10-FACT-009,grade>=3,0,0|0|0|0|0,0.0,0.0,0.0,0.0,0.0
hyper_final,Q-DOC10-FACT-010,grade>=3,0,0|0|1|0|1,0.0,0.0,0.0,0.0,0.0
hyper_final,Q-DOC10-FACT-011,grade>=3,3,3|0|2|2|0,1.0,1.0,1.0,1.0,1.0
hyper_final,Q-DOC10-FACT-012,grade>=3,0,0|0|2|0|0,0.0,0.0,0.0,0.0,0.0
hyper_final,Q-DOC10-FACT-013,grade>=3,3,3|0|0|2|2,1.0,1.0,1.0,1.0,1.0
hyper_final,Q-DOC10-FACT-014,grade>=3,0,0|0|0|0|2,0.0,0.0,0.0,0.0,0.0
hyper_final,Q-DOC10-FACT-015,grade>=3,1,1|1|1|0|0,0.0,0.0,0.0,0.0,0.0
hyper_final,Q-DOC03-FACT-011,grade>=3,0,0|0|0|1|0,0.0,0.0,0.0,0.0,0.0
hyper_final,Q-DOC03-FACT-012,grade>=3,2,2|2|1|1|1,0.0,0.0,0.0,0.0,0.0
hyper_final,Q-DOC03-FACT-013,grade>=3,2,2|2|1|1|0,0.0,0.0,0.0,0.0,0.0
hyper_final,Q-DOC03-FACT-014,grade>=3,1,1|1|1|1|1,0.0,0.0,0.0,0.0,0.0
hyper_final,Q-DOC03-FACT-015,grade>=3,1,1|0|0|1|1,0.0,0.0,0.0,0.0,0.0
hyper_final,Q-DOC04-FACT-011,grade>=3,0,0|1|1|1|1,0.0,0.0,0.0,0.0,0.0
hyper_final,Q-DOC04-FACT-012,grade>=3,0,0|2|2|1|0,0.0,0.0,0.0,0.0,0.0
hyper_final,Q-DOC04-FACT-013,grade>=3,1,1|1|2|1|1,0.0,0.0,0.0,0.0,0.0
hyper_final,Q-DOC04-FACT-014,grade>=3,0,0|1|1|0|0,0.0,0.0,0.0,0.0,0.0
hyper_final,Q-DOC04-FACT-015,grade>=3,1,1|2|0|1|1,0.0,0.0,0.0,0.0,0.0
hyper_final,Q-DOC05-FACT-009,grade>=3,1,1|1|1|0|0,0.0,0.0,0.0,0.0,0.0
hyper_final,Q-DOC05-FACT-010,grade>=3,0,0|1|0|0|1,0.0,0.0,0.0,0.0,0.0
hyper_final,Q-DOC05-FACT-011,grade>=3,1,1|1|1|1|1,0.0,0.0,0.0,0.0,0.0
hyper_final,Q-DOC05-FACT-012,grade>=3,2,2|1|1|0|0,0.0,0.0,0.0,0.0,0.0
hyper_final,Q-DOC05-FACT-013,grade>=3,1,1|1|0|1|1,0.0,0.0,0.0,0.0,0.0
hyper_final,Q-DOC06-FACT-009,grade>=3,1,1|1|0|0|0,0.0,0.0,0.0,0.0,0.0
hyper_final,Q-DOC06-FACT-010,grade>=3,1,1|0|0|0|0,0.0,0.0,0.0,0.0,0.0
hyper_final,Q-DOC06-FACT-011,grade>=3,0,0|0|0|0|0,0.0,0.0,0.0,0.0,0.0
hyper_final,Q-DOC06-FACT-012,grade>=3,1,1|1|1|1|1,0.0,0.0,0.0,0.0,0.0
hyper_final,Q-DOC06-FACT-013,grade>=3,1,1|1|0|0|0,0.0,0.0,0.0,0.0,0.0
hyper_final,Q-DOC07-FACT-013,grade>=3,1,1|0|0|0|0,0.0,0.0,0.0,0.0,0.0
hyper_final,Q-DOC07-FACT-014,grade>=3,0,0|0|0|0|0,0.0,0.0,0.0,0.0,0.0
hyper_final,Q-DOC07-FACT-015,grade>=3,1,1|0|0|1|0,0.0,0.0,0.0,0.0,0.0
hyper_final,Q-DOC07-FACT-016,grade>=3,1,1|1|1|0|0,0.0,0.0,0.0,0.0,0.0
hyper_final,Q-DOC07-FACT-017,grade>=3,1,1|1|0|0|0,0.0,0.0,0.0,0.0,0.0
hyper_final,Q-DOC08-FACT-013,grade>=3,0,0|2|1|0|0,0.0,0.0,0.0,0.0,0.0
hyper_final,Q-DOC08-FACT-014,grade>=3,0,0|2|0|0|1,0.0,0.0,0.0,0.0,0.0
hyper_final,Q-DOC08-FACT-015,grade>=3,0,0|0|0|0|0,0.0,0.0,0.0,0.0,0.0
hyper_final,Q-DOC08-FACT-016,grade>=3,0,0|0|0|0|0,0.0,0.0,0.0,0.0,0.0
hyper_final,Q-DOC08-FACT-017,grade>=3,0,0|0|0|0|0,0.0,0.0,0.0,0.0,0.0
hyper_final,Q-DOC09-FACT-016,grade>=3,1,1|1|1|0|1,0.0,0.0,0.0,0.0,0.0
hyper_final,Q-DOC09-FACT-017,grade>=3,1,1|1|1|1|1,0.0,0.0,0.0,0.0,0.0
hyper_final,Q-DOC09-FACT-018,grade>=3,0,0|1|1|1|1,0.0,0.0,0.0,0.0,0.0
hyper_final,Q-DOC09-FACT-019,grade>=3,1,1|0|0|0|1,0.0,0.0,0.0,0.0,0.0
hyper_final,Q-DOC09-FACT-020,grade>=3,1,1|1|1|1|0,0.0,0.0,0.0,0.0,0.0
hyper_final,Q-DOC10-FACT-016,grade>=3,1,1|0|0|0|0,0.0,0.0,0.0,0.0,0.0
hyper_final,Q-DOC10-FACT-017,grade>=3,2,2|0|1|1|0,0.0,0.0,0.0,0.0,0.0
hyper_final,Q-DOC10-FACT-018,grade>=3,0,0|1|0|0|0,0.0,0.0,0.0,0.0,0.0
hyper_final,Q-DOC10-FACT-019,grade>=3,0,0|0|0|0|0,0.0,0.0,0.0,0.0,0.0
hyper_final,Q-DOC10-FACT-020,grade>=3,3,3|0|2|2|0,1.0,1.0,1.0,1.0,1.0
naive_chunks,Q-DOC01-FACT-001,grade>=3,3,3|2|3|1|1,1.0,1.0,1.0,1.0,0.919721
naive_chunks,Q-DOC01-FACT-002,grade>=3,3,3|1|3|1|1,1.0,1.0,1.0,1.0,0.703918
naive_chunks,Q-DOC01-FACT-003,grade>=3,3,3|3|3|2|3,1.0,1.0,1.0,1.0,0.853932
naive_chunks,Q-DOC01-FACT-004,grade>=3,2,2|3|3|2|2,0.0,1.0,1.0,0.5,0.693426
naive_chunks,Q-DOC01-FACT-005,grade>=3,3,3|3|3|3|2,1.0,1.0,1.0,1.0,0.868795
naive_chunks,Q-DOC01-FACT-006,grade>=3,2,2|3|3|2|2,0.0,1.0,1.0,0.5,0.693426
naive_chunks,Q-DOC01-FACT-007,grade>=3,3,3|3|3|3|2,1.0,1.0,1.0,1.0,0.868795
naive_chunks,Q-DOC01-FACT-008,grade>=3,3,3|3|3|3|2,1.0,1.0,1.0,1.0,0.868795
naive_chunks,Q-DOC01-FACT-009,grade>=3,3,3|3|3|1|3,1.0,1.0,1.0,1.0,0.853932
naive_chunks,Q-DOC01-FACT-010,grade>=3,3,3|3|3|3|2,1.0,1.0,1.0,1.0,0.868795
naive_chunks,Q-DOC01-FACT-011,grade>=3,3,3|3|2|2|2,1.0,1.0,1.0,1.0,1.0
naive_chunks,Q-DOC01-FACT-012,grade>=3,3,3|3|3|1|3,1.0,1.0,1.0,1.0,0.853932
naive_chunks,Q-DOC01-FACT-013,grade>=3,3,3|3|2|0|0,1.0,1.0,1.0,1.0,0.553146
naive_chunks,Q-DOC01-FACT-014,grade>=3,3,3|3|3|3|3,1.0,1.0,1.0,1.0,1.0
naive_chunks,Q-DOC01-FACT-015,grade>=3,3,3|3|3|3|3,1.0,1.0,1.0,1.0,1.0
naive_chunks,Q-DOC01-FACT-016,grade>=3,1,1|3|2|0|0,0.0,1.0,1.0,0.5,0.63093
naive_chunks,Q-DOC01-FACT-017,grade>=3,3,3|3|3|3|3,1.0,1.0,1.0,1.0,1.0
naive_chunks,Q-DOC01-FACT-018,grade>=3,3,3|3|3|3|3,1.0,1.0,1.0,1.0,1.0
naive_chunks,Q-DOC01-FACT-019,grade>=3,3,3|3|3|1|1,1.0,1.0,1.0,1.0,0.831872
naive_chunks,Q-DOC01-FACT-020,grade>=3,3,3|3|1|1|1,1.0,1.0,1.0,1.0,0.765361
naive_chunks,Q-DOC01-FACT-021,grade>=3,3,3|3|3|1|3,1.0,1.0,1.0,1.0,0.853932
naive_chunks,Q-DOC01-FACT-022,grade>=3,3,3|2|3|2|2,1.0,1.0,1.0,1.0,0.919721
naive_chunks,Q-DOC01-FACT-023,grade>=3,3,3|2|3|0|0,1.0,1.0,1.0,1.0,0.919721
naive_chunks,Q-DOC01-FACT-024,grade>=3,3,3|2|1|1|1,1.0,1.0,1.0,1.0,1.0
naive_chunks,Q-DOC01-FACT-025,grade>=3,3,3|2|3|2|2,1.0,1.0,1.0,1.0,0.919721
naive_chunks,Q-DOC02-FACT-001,grade>=3,3,3|0|0|0|0,1.0,1.0,1.0,1.0,1.0
naive_chunks,Q-DOC02-FACT-002,grade>=3,3,3|0|0|1|1,1.0,1.0,1.0,1.0,1.0
naive_chunks,Q-DOC02-FACT-003,grade>=3,3,3|0|1|1|1,1.0,1.0,1.0,1.0,1.0
naive_chunks,Q-DOC02-FACT-004,grade>=3,3,3|1|1|1|1,1.0,1.0,1.0,1.0,1.0
naive_chunks,Q-DOC02-FACT-005,grade>=3,3,3|1|2|2|2,1.0,1.0,1.0,1.0,1.0
naive_chunks,Q-DOC02-FACT-006,grade>=3,2,2|1|1|1|2,0.0,0.0,0.0,0.0,0.0
naive_chunks,Q-DOC02-FACT-007,grade>=3,3,3|2|2|1|2,1.0,1.0,1.0,1.0,1.0
naive_chunks,Q-DOC02-FACT-008,grade>=3,3,3|2|2|2|1,1.0,1.0,1.0,1.0,1.0
naive_chunks,Q-DOC02-FACT-009,grade>=3,2,2|0|0|0|0,0.0,0.0,0.0,0.0,0.0
naive_chunks,Q-DOC02-FACT-010,grade>=3,3,3|3|3|3|3,1.0,1.0,1.0,1.0,1.0
naive_chunks,Q-DOC02-FACT-011,grade>=3,2,2|0|0|0|1,0.0,0.0,0.0,0.0,0.0
naive_chunks,Q-DOC02-FACT-012,grade>=3,2,2|0|0|0|0,0.0,0.0,0.0,0.0,0.0
naive_chunks,Q-DOC02-FACT-013,grade>=3,3,3|1|1|2|1,1.0,1.0,1.0,1.0,1.0
naive_chunks,Q-DOC02-FACT-014,grade>=3,3,3|2|0|0|0,1.0,1.0,1.0,1.0,0.613147
naive_chunks,Q-DOC02-FACT-015,grade>=3,2,2|0|0|0|0,0.0,0.0,0.0,0.0,0.0
naive_chunks,Q-DOC02-FACT-016,grade>=3,2,2|0|0|0|0,0.0,0.0,0.0,0.0,0.0
naive_chunks,Q-DOC02-FACT-017,grade>=3,3,3|2|2|0|0,1.0,1.0,1.0,1.0,1.0
naive_chunks,Q-DOC02-FACT-018,grade>=3,3,3|0|0|0|0,1.0,1.0,1.0,1.0,1.0
naive_chunks,Q-DOC02-FACT-019,grade>=3,3,3|1|1|1|1,1.0,1.0,1.0,1.0,1.0
naive_chunks,Q-DOC02-FACT-020,grade>=3,2,2|1|1|1|1,0.0,0.0,0.0,0.0,0.0
naive_chunks,Q-DOC02-FACT-021,grade>=3,3,3|2|2|1|2,1.0,1.0,1.0,1.0,1.0
naive_chunks,Q-DOC02-FACT-022,grade>=3,2,2|0|0|0|1,0.0,0.0,0.0,0.0,0.0
naive_chunks,Q-DOC02-FACT-023,grade>=3,3,3|2|2|2|2,1.0,1.0,1.0,1.0,1.0
naive_chunks,Q-DOC02-FACT-024,grade>=3,3,3|1|1|1|1,1.0,1.0,1.0,1.0,1.0
naive_chunks,Q-DOC02-FACT-025,grade>=3,2,2|1|1|1|0,0.0,0.0,0.0,0.0,0.0
naive_chunks,Q-DOC03-FACT-001,grade>=3,3,3|1|1|1|0,1.0,1.0,1.0,1.0,1.0
naive_chunks,Q-DOC03-FACT-002,grade>=3,3,3|2|1|1|1,1.0,1.0,1.0,1.0,1.0
naive_chunks,Q-DOC03-FACT-003,grade>=3,3,3|0|0|0|0,1.0,1.0,1.0,1.0,1.0
naive_chunks,Q-DOC03-FACT-004,grade>=3,3,3|1|0|0|1,1.0,1.0,1.0,1.0,1.0
naive_chunks,Q-DOC03-FACT-005,grade>=3,3,3|2|2|2|1,1.0,1.0,1.0,1.0,1.0
naive_chunks,Q-DOC03-FACT-006,grade>=3,3,3|1|1|1|0,1.0,1.0,1.0,1.0,1.0
naive_chunks,Q-DOC03-FACT-007,grade>=3,3,3|1|1|1|1,1.0,1.0,1.0,1.0,1.0
naive_chunks,Q-DOC03-FACT-008,grade>=3,3,3|1|1|1|1,1.0,1.0,1.0,1.0,1.0
naive_chunks,Q-DOC03-FACT-009,grade>=3,3,3|2|2|2|2,1.0,1.0,1.0,1.0,1.0
naive_chunks,Q-DOC03-FACT-010,grade>=3,2,2|1|1|1|0,0.0,0.0,0.0,0.0,0.0
naive_chunks,Q-DOC04-FACT-001,grade>=3,2,2|1|1|2|3,0.0,1.0,1.0,0.2,0.386853
naive_chunks,Q-DOC04-FACT-002,grade>=3,1,1|1|3|3|3,0.0,1.0,1.0,0.333333,0.446854
naive_chunks,Q-DOC04-FACT-003,grade>=3,3,3|3|2|2|3,1.0,1.0,1.0,1.0,0.684352
naive_chunks,Q-DOC04-FACT-004,grade>=3,2,2|2|3|1|2,0.0,1.0,1.0,0.333333,0.306574
naive_chunks,Q-DOC04-FACT-005,grade>=3,2,2|1|2|1|2,0.0,0.0,0.0,0.142857,0.0
naive_chunks,Q-DOC04-FACT-006,grade>=3,1,1|3|1|0|3,0.0,1.0,1.0,0.5,0.624051
naive_chunks,Q-DOC04-FACT-007,grade>=3,2,2|1|1|3|3,0.0,1.0,1.0,0.25,0.501266
naive_chunks,Q-DOC04-FACT-008,grade>=3,3,3|3|2|2|2,1.0,1.0,1.0,1.0,1.0
naive_chunks,Q-DOC04-FACT-009,grade>=3,3,3|3|3|3|1,1.0,1.0,1.0,1.0,0.868795
naive_chunks,Q-DOC04-FACT-010,grade>=3,2,2|2|0|0|2,0.0,0.0,0.0,0.0,0.0
naive_chunks,Q-DOC05-FACT-001,grade>=3,3,3|3|3|3|2,1.0,1.0,1.0,1.0,0.868795
naive_chunks,Q-DOC05-FACT-002,grade>=3,3,3|3|3|2|2,1.0,1.0,1.0,1.0,0.831872
naive_chunks,Q-DOC05-FACT-003,grade>=3,3,3|3|3|2|2,1.0,1.0,1.0,1.0,0.722727
naive_chunks,Q-DOC05-FACT-004,grade>=3,3,3|3|3|3|3,1.0,1.0,1.0,1.0,1.0
naive_chunks,Q-DOC05-FACT-005,grade>=3,3,3|3|3|2|3,1.0,1.0,1.0,1.0,0.853932
naive_chunks,Q-DOC05-FACT-006,grade>=3,3,3|3|3|3|3,1.0,1.0,1.0,1.0,1.0
naive_chunks,Q-DOC05-FACT-007,grade>=3,3,3|3|3|2|3,1.0,1.0,1.0,1.0,0.853932
naive_chunks,Q-DOC05-FACT-008,grade>=3,3,3|3|3|3|3,1.0,1.0,1.0,1.0,1.0
naive_chunks,Q-DOC06-FACT-001,grade>=3,3,3|1|2|1|1,1.0,1.0,1.0,1.0,1.0
naive_chunks,Q-DOC06-FACT-002,grade>=3,3,3|3|1|1|1,1.0,1.0,1.0,1.0,1.0
naive_chunks,Q-DOC06-FACT-003,grade>=3,3,3|3|1|1|1,1.0,1.0,1.0,1.0,1.0
naive_chunks,Q-DOC06-FACT-004,grade>=3,3,3|2|1|1|1,1.0,1.0,1.0,1.0,1.0
naive_chunks,Q-DOC06-FACT-005,grade>=3,3,3|1|1|1|3,1.0,1.0,1.0,1.0,0.850345
naive_chunks,Q-DOC06-FACT-006,grade>=3,3,3|3|0|1|0,1.0,1.0,1.0,1.0,1.0
naive_chunks,Q-DOC06-FACT-007,grade>=3,3,3|3|0|0|0,1.0,1.0,1.0,1.0,1.0
naive_chunks,Q-DOC06-FACT-008,grade>=3,3,3|3|1|1|1,1.0,1.0,1.0,1.0,1.0
naive_chunks,Q-DOC07-FACT-001,grade>=3,3,3|2|1|1|2,1.0,1.0,1.0,1.0,1.0
naive_chunks,Q-DOC07-FACT-002,grade>=3,3,3|1|1|1|1,1.0,1.0,1.0,1.0,1.0
naive_chunks,Q-DOC07-FACT-003,grade>=3,3,3|1|1|1|1,1.0,1.0,1.0,1.0,1.0
naive_chunks,Q-DOC07-FACT-004,grade>=3,3,3|2|1|2|2,1.0,1.0,1.0,1.0,1.0
naive_chunks,Q-DOC07-FACT-005,grade>=3,3,3|1|2|1|1,1.0,1.0,1.0,1.0,1.0
naive_chunks,Q-DOC07-FACT-006,grade>=3,3,3|1|1|2|1,1.0,1.0,1.0,1.0,1.0
naive_chunks,Q-DOC07-FACT-007,grade>=3,3,3|1|2|1|1,1.0,1.0,1.0,1.0,1.0
naive_chunks,Q-DOC07-FACT-008,grade>=3,3,3|1|1|1|1,1.0,1.0,1.0,1.0,1.0
naive_chunks,Q-DOC07-FACT-009,grade>=3,3,3|2|0|1|1,1.0,1.0,1.0,1.0,1.0
naive_chunks,Q-DOC07-FACT-010,grade>=3,3,3|2|1|1|2,1.0,1.0,1.0,1.0,1.0
naive_chunks,Q-DOC07-FACT-011,grade>=3,2,2|1|1|0|1,0.0,0.0,0.0,0.0,0.0
naive_chunks,Q-DOC07-FACT-012,grade>=3,3,3|1|2|1|0,1.0,1.0,1.0,1.0,1.0
naive_chunks,Q-DOC08-FACT-001,grade>=3,3,3|2|2|1|1,1.0,1.0,1.0,1.0,1.0
naive_chunks,Q-DOC08-FACT-002,grade>=3,3,3|2|1|1|1,1.0,1.0,1.0,1.0,1.0
naive_chunks,Q-DOC08-FACT-003,grade>=3,3,3|1|1|1|1,1.0,1.0,1.0,1.0,1.0
naive_chunks,Q-DOC08-FACT-004,grade>=3,3,3|1|1|1|2,1.0,1.0,1.0,1.0,1.0
naive_chunks,Q-DOC08-FACT-005,grade>=3,3,3|1|1|1|1,1.0,1.0,1.0,1.0,1.0
naive_chunks,Q-DOC08-FACT-006,grade>=3,3,3|1|1|1|1,1.0,1.0,1.0,1.0,1.0
naive_chunks,Q-DOC08-FACT-007,grade>=3,3,3|1|1|2|1,1.0,1.0,1.0,1.0,1.0
naive_chunks,Q-DOC08-FACT-008,grade>=3,3,3|1|0|1|1,1.0,1.0,1.0,1.0,1.0
naive_chunks,Q-DOC08-FACT-009,grade>=3,3,3|1|1|1|2,1.0,1.0,1.0,1.0,1.0
naive_chunks,Q-DOC08-FACT-010,grade>=3,3,3|1|1|1|1,1.0,1.0,1.0,1.0,1.0
naive_chunks,Q-DOC08-FACT-011,grade>=3,3,3|1|1|2|1,1.0,1.0,1.0,1.0,1.0
naive_chunks,Q-DOC08-FACT-012,grade>=3,3,3|1|0|0|0,1.0,1.0,1.0,1.0,1.0
naive_chunks,Q-DOC09-FACT-001,grade>=3,2,2|3|3|3|2,0.0,1.0,1.0,0.5,0.732829
naive_chunks,Q-DOC09-FACT-002,grade>=3,2,2|3|1|3|3,0.0,1.0,1.0,0.5,0.56545
naive_chunks,Q-DOC09-FACT-003,grade>=3,3,3|3|2|2|1,1.0,1.0,1.0,1.0,1.0
naive_chunks,Q-DOC09-FACT-004,grade>=3,2,2|2|2|1|2,0.0,0.0,0.0,0.0,0.0
naive_chunks,Q-DOC09-FACT-005,grade>=3,3,3|2|3|2|2,1.0,1.0,1.0,1.0,0.919721
naive_chunks,Q-DOC09-FACT-006,grade>=3,2,2|2|1|1|1,0.0,0.0,0.0,0.0,0.0
naive_chunks,Q-DOC09-FACT-007,grade>=3,1,1|3|1|1|2,0.0,1.0,1.0,0.5,0.63093
naive_chunks,Q-DOC09-FACT-008,grade>=3,2,2|2|1|3|3,0.0,1.0,1.0,0.25,0.501266
naive_chunks,Q-DOC09-FACT-009,grade>=3,3,3|1|3|1|1,1.0,1.0,1.0,1.0,0.919721
naive_chunks,Q-DOC09-FACT-010,grade>=3,3,3|3|2|3|2,1.0,1.0,1.0,1.0,0.967468
naive_chunks,Q-DOC09-FACT-011,grade>=3,2,2|3|2|1|1,0.0,1.0,1.0,0.5,0.63093
naive_chunks,Q-DOC09-FACT-012,grade>=3,2,2|3|2|1|1,0.0,1.0,1.0,0.5,0.63093
naive_chunks,Q-DOC09-FACT-013,grade>=3,1,1|1|3|2|1,0.0,1.0,1.0,0.333333,0.5
naive_chunks,Q-DOC09-FACT-014,grade>=3,3,3|1|1|1|1,1.0,1.0,1.0,1.0,1.0
naive_chunks,Q-DOC09-FACT-015,grade>=3,3,3|2|2|2|1,1.0,1.0,1.0,1.0,1.0
naive_chunks,Q-DOC10-FACT-001,grade>=3,3,3|2|3|3|3,1.0,1.0,1.0,1.0,0.786014
naive_chunks,Q-DOC10-FACT-002,grade>=3,3,3|3|1|1|1,1.0,1.0,1.0,1.0,1.0
naive_chunks,Q-DOC10-FACT-003,grade>=3,2,2|2|1|1|1,0.0,0.0,0.0,0.0,0.0
naive_chunks,Q-DOC10-FACT-004,grade>=3,3,3|2|1|3|2,1.0,1.0,1.0,1.0,0.558508
naive_chunks,Q-DOC10-FACT-005,grade>=3,3,3|1|3|1|1,1.0,1.0,1.0,1.0,0.919721
naive_chunks,Q-DOC10-FACT-006,grade>=3,3,3|1|1|1|3,1.0,1.0,1.0,1.0,0.850345
naive_chunks,Q-DOC10-FACT-007,grade>=3,3,3|3|2|2|3,1.0,1.0,1.0,1.0,0.684352
naive_chunks,Q-DOC10-FACT-008,grade>=3,3,3|3|2|2|2,1.0,1.0,1.0,1.0,1.0
naive_chunks,Q-DOC10-FACT-009,grade>=3,3,3|3|1|1|1,1.0,1.0,1.0,1.0,1.0
naive_chunks,Q-DOC10-FACT-010,grade>=3,3,3|2|1|1|0,1.0,1.0,1.0,1.0,1.0
naive_chunks,Q-DOC10-FACT-011,grade>=3,3,3|3|3|3|3,1.0,1.0,1.0,1.0,1.0
naive_chunks,Q-DOC10-FACT-012,grade>=3,3,3|2|1|3|0,1.0,1.0,1.0,1.0,0.877215
naive_chunks,Q-DOC10-FACT-013,grade>=3,3,3|3|3|3|3,1.0,1.0,1.0,1.0,1.0
naive_chunks,Q-DOC10-FACT-014,grade>=3,3,3|0|1|0|1,1.0,1.0,1.0,1.0,1.0
naive_chunks,Q-DOC10-FACT-015,grade>=3,3,3|2|2|3|1,1.0,1.0,1.0,1.0,0.877215
naive_chunks,Q-DOC03-FACT-011,grade>=3,3,3|1|2|2|1,1.0,1.0,1.0,1.0,1.0
naive_chunks,Q-DOC03-FACT-012,grade>=3,3,3|1|1|1|1,1.0,1.0,1.0,1.0,1.0
naive_chunks,Q-DOC03-FACT-013,grade>=3,3,3|1|1|1|0,1.0,1.0,1.0,1.0,1.0
naive_chunks,Q-DOC03-FACT-014,grade>=3,3,3|2|2|2|1,1.0,1.0,1.0,1.0,1.0
naive_chunks,Q-DOC03-FACT-015,grade>=3,3,3|1|1|1|1,1.0,1.0,1.0,1.0,1.0
naive_chunks,Q-DOC04-FACT-011,grade>=3,2,2|1|1|2|3,0.0,1.0,1.0,0.2,0.386853
naive_chunks,Q-DOC04-FACT-012,grade>=3,3,3|3|2|2|1,1.0,1.0,1.0,1.0,1.0
naive_chunks,Q-DOC04-FACT-013,grade>=3,3,3|3|2|3|1,1.0,1.0,1.0,1.0,0.967468
naive_chunks,Q-DOC04-FACT-014,grade>=3,3,3|1|0|1|2,1.0,1.0,1.0,1.0,0.613147
naive_chunks,Q-DOC04-FACT-015,grade>=3,2,2|2|2|1|3,0.0,1.0,1.0,0.2,0.237198
naive_chunks,Q-DOC05-FACT-009,grade>=3,3,3|3|3|3|2,1.0,1.0,1.0,1.0,0.868795
naive_chunks,Q-DOC05-FACT-010,grade>=3,3,3|3|3|2|2,1.0,1.0,1.0,1.0,0.722727
naive_chunks,Q-DOC05-FACT-011,grade>=3,3,3|3|3|3|2,1.0,1.0,1.0,1.0,0.868795
naive_chunks,Q-DOC05-FACT-012,grade>=3,3,3|3|2|3|3,1.0,1.0,1.0,1.0,0.83042
naive_chunks,Q-DOC05-FACT-013,grade>=3,3,3|3|2|2|3,1.0,1.0,1.0,1.0,0.946902
naive_chunks,Q-DOC06-FACT-009,grade>=3,3,3|2|1|1|1,1.0,1.0,1.0,1.0,1.0
naive_chunks,Q-DOC06-FACT-010,grade>=3,2,2|0|1|1|0,0.0,0.0,0.0,0.0,0.0
naive_chunks,Q-DOC06-FACT-011,grade>=3,3,3|1|0|0|0,1.0,1.0,1.0,1.0,1.0
naive_chunks,Q-DOC06-FACT-012,grade>=3,3,3|3|1|1|1,1.0,1.0,1.0,1.0,1.0
naive_chunks,Q-DOC06-FACT-013,grade>=3,2,2|2|0|0|0,0.0,0.0,0.0,0.0,0.0
naive_chunks,Q-DOC07-FACT-013,grade>=3,3,3|1|1|0|1,1.0,1.0,1.0,1.0,1.0
naive_chunks,Q-DOC07-FACT-014,grade>=3,2,2|1|0|1|0,0.0,0.0,0.0,0.0,0.0
naive_chunks,Q-DOC07-FACT-015,grade>=3,2,2|1|1|1|1,0.0,0.0,0.0,0.0,0.0
naive_chunks,Q-DOC07-FACT-016,grade>=3,3,3|1|1|0|1,1.0,1.0,1.0,1.0,1.0
naive_chunks,Q-DOC07-FACT-017,grade>=3,3,3|2|2|1|2,1.0,1.0,1.0,1.0,1.0
naive_chunks,Q-DOC08-FACT-013,grade>=3,3,3|1|1|1|1,1.0,1.0,1.0,1.0,1.0
naive_chunks,Q-DOC08-FACT-014,grade>=3,3,3|1|1|1|1,1.0,1.0,1.0,1.0,1.0
naive_chunks,Q-DOC08-FACT-015,grade>=3,2,2|1|1|0|1,0.0,0.0,0.0,0.0,0.0
naive_chunks,Q-DOC08-FACT-016,grade>=3,2,2|1|1|1|1,0.0,0.0,0.0,0.0,0.0
naive_chunks,Q-DOC08-FACT-017,grade>=3,1,1|1|0|0|1,0.0,0.0,0.0,0.0,0.0
naive_chunks,Q-DOC09-FACT-016,grade>=3,2,2|2|1|2|2,0.0,0.0,0.0,0.0,0.0
naive_chunks,Q-DOC09-FACT-017,grade>=3,3,3|3|1|1|1,1.0,1.0,1.0,1.0,1.0
naive_chunks,Q-DOC09-FACT-018,grade>=3,2,2|2|1|1|1,0.0,0.0,0.0,0.0,0.0
naive_chunks,Q-DOC09-FACT-019,grade>=3,2,2|1|0|1|1,0.0,0.0,0.0,0.0,0.0
naive_chunks,Q-DOC09-FACT-020,grade>=3,2,2|2|1|1|1,0.0,0.0,0.0,0.0,0.0
naive_chunks,Q-DOC10-FACT-016,grade>=3,2,2|3|3|2|1,0.0,1.0,1.0,0.5,0.693426
naive_chunks,Q-DOC10-FACT-017,grade>=3,1,1|2|2|1|0,0.0,0.0,0.0,0.0,0.0
naive_chunks,Q-DOC10-FACT-018,grade>=3,1,1|2|2|1|1,0.0,0.0,0.0,0.0,0.0
naive_chunks,Q-DOC10-FACT-019,grade>=3,3,3|1|1|1|0,1.0,1.0,1.0,1.0,0.613147
naive_chunks,Q-DOC10-FACT-020,grade>=3,2,2|2|3|0|3,0.0,1.0,1.0,0.333333,0.543771
